pair_idx,imageA_name,imageB_name,annotation_idx,pt1_img,pt1_x,pt1_y,pt2_img,pt2_x,pt2_y,label,temperature
0,Moon_7_1693385246309815296.png,Moon_8_1693502149240883968.png,0,0,347,900,1,854,484,0,0.1739
0,Moon_7_1693385246309815296.png,Moon_8_1693502149240883968.png,1,0,918,434,0,676,891,-1,0.1739
0,Moon_7_1693385246309815296.png,Moon_8_1693502149240883968.png,2,1,443,763,0,466,237,-1,0.1739
1,Moon_4_1693297656737124352.png,Moon_7_1693385217420148480.png,0,1,224,420,1,411,818,-1,0.1744
1,Moon_4_1693297656737124352.png,Moon_7_1693385217420148480.png,1,1,745,269,0,525,114,-1,0.1744
1,Moon_4_1693297656737124352.png,Moon_7_1693385217420148480.png,2,0,749,667,1,644,836,0,0.1744
2,Moon_3_1693290458230128384.png,Moon_4_1693297685510958336.png,0,0,420,480,0,786,681,0,0.1028
2,Moon_3_1693290458230128384.png,Moon_4_1693297685510958336.png,1,0,114,795,1,429,621,0,0.1028
2,Moon_3_1693290458230128384.png,Moon_4_1693297685510958336.png,2,1,777,745,0,886,288,0,0.1028
3,Moon_1_1693274837608563968.png,Moon_3_1693290375797191424.png,0,1,438,644,1,891,521,-1,0.2400
3,Moon_1_1693274837608563968.png,Moon_3_1693290375797191424.png,1,0,141,580,0,137,173,-1,0.2400
3,Moon_1_1693274837608563968.png,Moon_3_1693290375797191424.png,2,1,292,443,1,557,731,0,0.2400
4,Moon_2_1693278833039671552.png,Moon_6_1693382846315258624.png,0,0,909,443,0,260,265,-1,0.1612
4,Moon_2_1693278833039671552.png,Moon_6_1693382846315258624.png,1,1,324,297,0,448,416,-1,0.1612
4,Moon_2_1693278833039671552.png,Moon_6_1693382846315258624.png,2,0,772,690,1,626,585,0,0.1612
5,Moon_8_1693502033485718272.png,Moon_9_1692601845148701696.png,0,0,882,182,1,571,370,1,0.2249
5,Moon_8_1693502033485718272.png,Moon_9_1692601845148701696.png,1,0,160,544,0,283,438,0,0.2249
5,Moon_8_1693502033485718272.png,Moon_9_1692601845148701696.png,2,0,448,452,0,214,690,0,0.2249
6,Moon_2_1693278877120846080.png,Moon_8_1693502102416652288.png,0,1,370,713,0,109,690,0,0.0617
6,Moon_2_1693278877120846080.png,Moon_8_1693502102416652288.png,1,1,594,708,0,365,278,-1,0.0617
6,Moon_2_1693278877120846080.png,Moon_8_1693502102416652288.png,2,0,416,841,1,370,260,-1,0.0617
7,Moon_3_1693290402532170240.png,Moon_7_1693385366293742080.png,0,1,114,699,0,164,498,1,0.2720
7,Moon_3_1693290402532170240.png,Moon_7_1693385366293742080.png,1,1,420,626,0,772,288,-1,0.2720
7,Moon_3_1693290402532170240.png,Moon_7_1693385366293742080.png,2,0,653,580,0,173,164,-1,0.2720
8,Moon_4_1693297616965945088.png,Moon_8_1693502089056608256.png,0,1,512,397,0,365,118,-1,0.4197
8,Moon_4_1693297616965945088.png,Moon_8_1693502089056608256.png,1,1,905,539,1,630,164,-1,0.4197
8,Moon_4_1693297616965945088.png,Moon_8_1693502089056608256.png,2,0,914,521,1,617,612,-1,0.4197
9,Moon_5_1693360367577675520.png,Moon_9_1692601985028796416.png,0,1,859,274,0,342,141,-1,0.0262
9,Moon_5_1693360367577675520.png,Moon_9_1692601985028796416.png,1,0,452,653,0,224,274,-1,0.0262
9,Moon_5_1693360367577675520.png,Moon_9_1692601985028796416.png,2,0,502,786,0,672,278,-1,0.0262
10,Moon_1_1693274791192570880.png,Moon_5_1693360285835941120.png,0,1,100,406,1,914,749,-1,0.4047
10,Moon_1_1693274791192570880.png,Moon_5_1693360285835941120.png,1,0,429,882,0,704,388,1,0.4047
10,Moon_1_1693274791192570880.png,Moon_5_1693360285835941120.png,2,0,137,854,0,466,128,-1,0.4047
11,Moon_7_1693385286249737984.png,Moon_8_1693502060171709440.png,0,1,768,347,1,297,754,1,0.1896
11,Moon_7_1693385286249737984.png,Moon_8_1693502060171709440.png,1,0,612,196,1,525,288,1,0.1896
11,Moon_7_1693385286249737984.png,Moon_8_1693502060171709440.png,2,1,224,324,0,160,841,1,0.1896
12,Moon_5_1693360330075011584.png,Moon_8_1693502153653730560.png,0,0,169,388,1,365,905,0,0.1039
12,Moon_5_1693360330075011584.png,Moon_8_1693502153653730560.png,1,1,918,205,0,649,365,1,0.1039
12,Moon_5_1693360330075011584.png,Moon_8_1693502153653730560.png,2,0,566,685,0,516,278,-1,0.1039
13,Moon_2_1693278932155876608.png,Moon_7_1693385332867557120.png,0,1,617,699,0,338,214,-1,0.1270
13,Moon_2_1693278932155876608.png,Moon_7_1693385332867557120.png,1,1,649,374,0,452,544,0,0.1270
13,Moon_2_1693278932155876608.png,Moon_7_1693385332867557120.png,2,1,566,886,0,900,704,0,0.1270
14,Moon_2_1693278859570071552.png,Moon_2_1693278967177744128.png,0,0,777,452,1,694,626,0,0.1458
14,Moon_2_1693278859570071552.png,Moon_2_1693278967177744128.png,1,1,589,781,0,201,699,0,0.1458
14,Moon_2_1693278859570071552.png,Moon_2_1693278967177744128.png,2,0,214,178,1,736,374,1,0.1458
15,Moon_3_1693290413695447040.png,Moon_9_1692602042543481088.png,0,1,786,169,0,466,882,1,0.0282
15,Moon_3_1693290413695447040.png,Moon_9_1692602042543481088.png,1,1,630,393,0,320,109,-1,0.0282
15,Moon_3_1693290413695447040.png,Moon_9_1692602042543481088.png,2,0,726,484,1,210,347,0,0.0282
16,Moon_2_1693278965012056320.png,Moon_5_1693360201628924416.png,0,0,681,265,1,758,329,1,0.0614
16,Moon_2_1693278965012056320.png,Moon_5_1693360201628924416.png,1,0,845,306,0,475,182,-1,0.0614
16,Moon_2_1693278965012056320.png,Moon_5_1693360201628924416.png,2,0,109,397,0,155,187,-1,0.0614
17,Moon_3_1693290476041540608.png,Moon_9_1692601894071181568.png,0,1,864,790,0,717,228,-1,0.2782
17,Moon_3_1693290476041540608.png,Moon_9_1692601894071181568.png,1,0,173,365,1,864,489,1,0.2782
17,Moon_3_1693290476041540608.png,Moon_9_1692601894071181568.png,2,0,246,498,1,480,187,-1,0.2782
18,Moon_1_1693274804493059072.png,Moon_3_1693290384655752192.png,0,1,406,836,1,228,594,0,0.2911
18,Moon_1_1693274804493059072.png,Moon_3_1693290384655752192.png,1,1,795,548,1,653,201,-1,0.2911
18,Moon_1_1693274804493059072.png,Moon_3_1693290384655752192.png,2,1,534,438,1,745,329,-1,0.2911
19,Moon_2_1693278912378767872.png,Moon_9_1692602011536411904.png,0,0,800,425,0,480,566,0,0.1394
19,Moon_2_1693278912378767872.png,Moon_9_1692602011536411904.png,1,0,589,324,1,237,576,0,0.1394
19,Moon_2_1693278912378767872.png,Moon_9_1692602011536411904.png,2,0,708,886,1,301,324,-1,0.1394
20,Moon_2_1693278896927810048.png,Moon_3_1693290460440525568.png,0,1,320,539,1,758,256,-1,0.2139
20,Moon_2_1693278896927810048.png,Moon_3_1693290460440525568.png,1,1,338,288,1,269,882,1,0.2139
20,Moon_2_1693278896927810048.png,Moon_3_1693290460440525568.png,2,0,370,594,0,502,420,1,0.2139
21,Moon_2_1693278811002454784.png,Moon_8_1693502080256314112.png,0,1,118,598,1,772,635,0,0.2723
21,Moon_2_1693278811002454784.png,Moon_8_1693502080256314112.png,1,1,621,288,1,347,132,-1,0.2723
21,Moon_2_1693278811002454784.png,Moon_8_1693502080256314112.png,2,0,338,246,1,539,649,1,0.2723
22,Moon_1_1693274738068743680.png,Moon_4_1693297670029341696.png,0,0,173,260,1,118,160,-1,0.0142
22,Moon_1_1693274738068743680.png,Moon_4_1693297670029341696.png,1,0,868,210,1,653,324,1,0.0142
22,Moon_1_1693274738068743680.png,Moon_4_1693297670029341696.png,2,0,539,274,1,690,900,1,0.0142
23,Moon_3_1693290449287930624.png,Moon_7_1693385259572849408.png,0,0,658,242,1,461,562,1,0.2649
23,Moon_3_1693290449287930624.png,Moon_7_1693385259572849408.png,1,0,178,722,1,672,873,0,0.2649
23,Moon_3_1693290449287930624.png,Moon_7_1693385259572849408.png,2,1,164,448,0,800,909,1,0.2649
24,Moon_3_1693290349038439936.png,Moon_8_1693502057963283712.png,0,1,562,214,1,882,704,1,0.2460
24,Moon_3_1693290349038439936.png,Moon_8_1693502057963283712.png,1,0,539,489,1,708,301,-1,0.2460
24,Moon_3_1693290349038439936.png,Moon_8_1693502057963283712.png,2,0,105,484,0,470,859,0,0.2460
25,Moon_3_1693290431474983424.png,Moon_9_1692601922916587520.png,0,0,877,790,0,649,918,0,0.4154
25,Moon_3_1693290431474983424.png,Moon_9_1692601922916587520.png,1,1,480,626,0,137,790,0,0.4154
25,Moon_3_1693290431474983424.png,Moon_9_1692601922916587520.png,2,0,873,269,0,393,672,0,0.4154
26,Moon_2_1693278846265143808.png,Moon_3_1693290422532899072.png,0,0,699,155,1,864,740,1,0.2438
26,Moon_2_1693278846265143808.png,Moon_3_1693290422532899072.png,1,0,868,795,0,621,566,0,0.2438
26,Moon_2_1693278846265143808.png,Moon_3_1693290422532899072.png,2,1,644,704,1,434,832,0,0.2438
27,Moon_9_1692601834098832896.png,Moon_9_1692602013868684288.png,0,1,196,809,0,370,553,-1,0.1759
27,Moon_9_1692601834098832896.png,Moon_9_1692602013868684288.png,1,0,347,329,1,347,909,-1,0.1759
27,Moon_9_1692601834098832896.png,Moon_9_1692602013868684288.png,2,1,114,150,1,813,251,0,0.1759
28,Moon_2_1693278866087198976.png,Moon_9_1692602038134557696.png,0,0,434,905,0,388,452,1,0.1249
28,Moon_2_1693278866087198976.png,Moon_9_1692602038134557696.png,1,1,443,480,0,228,891,0,0.1249
28,Moon_2_1693278866087198976.png,Moon_9_1692602038134557696.png,2,0,210,589,1,338,278,-1,0.1249
29,Moon_1_1693274755786005504.png,Moon_3_1693290429258062336.png,0,0,461,196,0,169,384,1,0.3275
29,Moon_1_1693274755786005504.png,Moon_3_1693290429258062336.png,1,0,630,521,1,242,516,-1,0.3275
29,Moon_1_1693274755786005504.png,Moon_3_1693290429258062336.png,2,0,292,512,0,763,662,0,0.3275
30,Moon_8_1693502147039251712.png,Moon_9_1692601874047378944.png,0,0,164,502,0,493,292,-1,0.0802
30,Moon_8_1693502147039251712.png,Moon_9_1692601874047378944.png,1,1,219,617,0,704,310,0,0.0802
30,Moon_8_1693502147039251712.png,Moon_9_1692601874047378944.png,2,0,676,507,1,251,251,-1,0.0802
31,Moon_5_1693360239350807296.png,Moon_7_1693385335183595008.png,0,1,470,507,1,868,260,-1,0.1993
31,Moon_5_1693360239350807296.png,Moon_7_1693385335183595008.png,1,1,169,525,0,160,201,-1,0.1993
31,Moon_5_1693360239350807296.png,Moon_7_1693385335183595008.png,2,1,443,146,0,416,214,1,0.1993
32,Moon_6_1693382786526622720.png,Moon_9_1692601942806902016.png,0,1,832,809,0,150,233,-1,0.2635
32,Moon_6_1693382786526622720.png,Moon_9_1692601942806902016.png,1,1,672,214,0,434,886,1,0.2635
32,Moon_6_1693382786526622720.png,Moon_9_1692601942806902016.png,2,1,164,717,0,868,658,0,0.2635
33,Moon_7_1693385266226217984.png,Moon_9_1692602004917541120.png,0,0,507,617,0,873,246,-1,0.0427
33,Moon_7_1693385266226217984.png,Moon_9_1692602004917541120.png,1,1,717,909,0,548,315,-1,0.0427
33,Moon_7_1693385266226217984.png,Moon_9_1692602004917541120.png,2,1,900,342,0,420,768,-1,0.0427
34,Moon_2_1693278808819197184.png,Moon_5_1693360198966960128.png,0,0,310,260,1,329,118,-1,0.3405
34,Moon_2_1693278808819197184.png,Moon_5_1693360198966960128.png,1,0,886,393,1,672,598,1,0.3405
34,Moon_2_1693278808819197184.png,Moon_5_1693360198966960128.png,2,1,466,196,0,544,818,1,0.3405
35,Moon_4_1693297592631691520.png,Moon_4_1693297612540696576.png,0,0,576,411,1,448,237,-1,0.2232
35,Moon_4_1693297592631691520.png,Moon_4_1693297612540696576.png,1,1,859,530,1,283,804,0,0.2232
35,Moon_4_1693297592631691520.png,Moon_4_1693297612540696576.png,2,1,900,841,1,393,566,0,0.2232
36,Moon_2_1693278958384349696.png,Moon_4_1693297574019004160.png,0,0,585,836,1,640,297,-1,0.0760
36,Moon_2_1693278958384349696.png,Moon_4_1693297574019004160.png,1,0,626,283,0,795,909,1,0.0760
36,Moon_2_1693278958384349696.png,Moon_4_1693297574019004160.png,2,0,361,370,1,694,105,-1,0.0760
37,Moon_1_1693274786817481984.png,Moon_5_1693360248242823424.png,0,1,320,484,1,269,864,1,0.1982
37,Moon_1_1693274786817481984.png,Moon_5_1693360248242823424.png,1,1,795,882,1,566,493,0,0.1982
37,Moon_1_1693274786817481984.png,Moon_5_1693360248242823424.png,2,0,649,681,0,530,347,0,0.1982
38,Moon_4_1693297667829182720.png,Moon_7_1693385279607990016.png,0,1,795,713,0,219,182,-1,0.2949
38,Moon_4_1693297667829182720.png,Moon_7_1693385279607990016.png,1,0,123,754,1,228,909,1,0.2949
38,Moon_4_1693297667829182720.png,Moon_7_1693385279607990016.png,2,0,516,905,0,507,603,0,0.2949
39,Moon_6_1693382777701312000.png,Moon_7_1693385224070302720.png,0,1,100,132,0,493,169,0,0.3933
39,Moon_6_1693382777701312000.png,Moon_7_1693385224070302720.png,1,0,836,667,1,621,662,0,0.3933
39,Moon_6_1693382777701312000.png,Moon_7_1693385224070302720.png,2,1,795,717,1,914,137,-1,0.3933
40,Moon_4_1693297597048478976.png,Moon_4_1693297605898856960.png,0,0,818,868,0,681,292,-1,0.3111
40,Moon_4_1693297597048478976.png,Moon_4_1693297605898856960.png,1,1,155,233,1,502,521,1,0.3111
40,Moon_4_1693297597048478976.png,Moon_4_1693297605898856960.png,2,1,864,173,0,726,557,1,0.3111
41,Moon_3_1693290435900056320.png,Moon_8_1693502037902593280.png,0,1,192,493,0,896,324,-1,0.2535
41,Moon_3_1693290435900056320.png,Moon_8_1693502037902593280.png,1,1,594,365,1,443,694,0,0.2535
41,Moon_3_1693290435900056320.png,Moon_8_1693502037902593280.png,2,0,699,640,0,416,557,0,0.2535
42,Moon_1_1693274789009146112.png,Moon_3_1693290447071252224.png,0,0,539,713,1,288,178,-1,0.3493
42,Moon_1_1693274789009146112.png,Moon_3_1693290447071252224.png,1,1,457,717,0,297,731,0,0.3493
42,Moon_1_1693274789009146112.png,Moon_3_1693290447071252224.png,2,0,187,402,1,795,850,0,0.3493
43,Moon_2_1693278797776911104.png,Moon_7_1693385284041318912.png,0,0,457,361,1,512,233,-1,0.0249
43,Moon_2_1693278797776911104.png,Moon_7_1693385284041318912.png,1,1,379,352,0,100,402,1,0.0249
43,Moon_2_1693278797776911104.png,Moon_7_1693385284041318912.png,2,0,173,233,1,443,594,1,0.0249
44,Moon_3_1693290355663633664.png,Moon_3_1693290478249718784.png,0,0,100,242,0,365,900,1,0.0226
44,Moon_3_1693290355663633664.png,Moon_3_1693290478249718784.png,1,0,553,786,0,653,278,-1,0.0226
44,Moon_3_1693290355663633664.png,Moon_3_1693290478249718784.png,2,0,690,461,1,598,315,-1,0.0226
45,Moon_3_1693290360204965632.png,Moon_9_1692601885202803456.png,0,1,914,480,0,265,827,0,0.3980
45,Moon_3_1693290360204965632.png,Moon_9_1692601885202803456.png,1,0,329,690,1,589,457,0,0.3980
45,Moon_3_1693290360204965632.png,Moon_9_1692601885202803456.png,2,1,384,877,0,329,461,0,0.3980
46,Moon_5_1693360349893497088.png,Moon_9_1692601889635585280.png,0,0,653,393,1,649,292,-1,0.2142
46,Moon_5_1693360349893497088.png,Moon_9_1692601889635585280.png,1,1,489,859,1,233,470,1,0.2142
46,Moon_5_1693360349893497088.png,Moon_9_1692601889635585280.png,2,1,818,795,0,598,182,-1,0.2142
47,Moon_7_1693385368494605568.png,Moon_9_1692601947340708352.png,0,0,301,630,1,722,356,1,0.2288
47,Moon_7_1693385368494605568.png,Moon_9_1692601947340708352.png,1,0,598,155,1,548,502,1,0.2288
47,Moon_7_1693385368494605568.png,Moon_9_1692601947340708352.png,2,0,877,681,0,850,242,-1,0.2288
48,Moon_5_1693360228254696448.png,Moon_6_1693382839690112768.png,0,0,594,690,1,658,251,-1,0.4647
48,Moon_5_1693360228254696448.png,Moon_6_1693382839690112768.png,1,0,434,598,1,914,438,0,0.4647
48,Moon_5_1693360228254696448.png,Moon_6_1693382839690112768.png,2,1,681,818,1,182,822,0,0.4647
49,Moon_2_1693278888246354688.png,Moon_5_1693360283636004352.png,0,0,137,800,1,173,260,-1,0.3716
49,Moon_2_1693278888246354688.png,Moon_5_1693360283636004352.png,1,1,580,827,1,580,164,-1,0.3716
49,Moon_2_1693278888246354688.png,Moon_5_1693360283636004352.png,2,0,228,361,0,438,576,-1,0.3716
50,Moon_1_1693274769114303488.png,Moon_2_1693278892594213888.png,0,0,512,292,0,909,809,1,0.1191
50,Moon_1_1693274769114303488.png,Moon_2_1693278892594213888.png,1,1,909,694,1,896,416,-1,0.1191
50,Moon_1_1693274769114303488.png,Moon_2_1693278892594213888.png,2,0,173,242,1,324,310,1,0.1191
51,Moon_2_1693278929988483840.png,Moon_8_1693502135869176064.png,0,1,699,822,0,809,352,0,0.2181
51,Moon_2_1693278929988483840.png,Moon_8_1693502135869176064.png,1,0,379,192,0,690,274,1,0.2181
51,Moon_2_1693278929988483840.png,Moon_8_1693502135869176064.png,2,0,466,740,0,251,672,0,0.2181
52,Moon_6_1693382764425904128.png,Moon_7_1693385237376163328.png,0,1,685,722,0,841,246,-1,0.3011
52,Moon_6_1693382764425904128.png,Moon_7_1693385237376163328.png,1,1,370,173,0,507,452,1,0.3011
52,Moon_6_1693382764425904128.png,Moon_7_1693385237376163328.png,2,0,219,155,0,365,310,1,0.3011
53,Moon_4_1693297636849962496.png,Moon_6_1693382868440679424.png,0,0,484,416,1,480,201,-1,0.0863
53,Moon_4_1693297636849962496.png,Moon_6_1693382868440679424.png,1,1,850,818,0,118,301,-1,0.0863
53,Moon_4_1693297636849962496.png,Moon_6_1693382868440679424.png,2,1,713,612,1,736,370,-1,0.0863
54,Moon_5_1693360243767821824.png,Moon_7_1693385326251884032.png,0,0,777,818,1,864,754,0,0.2049
54,Moon_5_1693360243767821824.png,Moon_7_1693385326251884032.png,1,1,918,379,1,448,297,-1,0.2049
54,Moon_5_1693360243767821824.png,Moon_7_1693385326251884032.png,2,0,557,777,1,484,763,0,0.2049
55,Moon_1_1693274813318287872.png,Moon_4_1693297703209553920.png,0,1,845,864,0,608,438,0,0.1454
55,Moon_1_1693274813318287872.png,Moon_4_1693297703209553920.png,1,1,800,370,1,717,617,-1,0.1454
55,Moon_1_1693274813318287872.png,Moon_4_1693297703209553920.png,2,0,365,210,1,905,493,1,0.1454
56,Moon_2_1693278817661145600.png,Moon_2_1693278940934026496.png,0,0,758,566,0,388,301,-1,0.2319
56,Moon_2_1693278817661145600.png,Moon_2_1693278940934026496.png,1,1,164,653,0,361,836,0,0.2319
56,Moon_2_1693278817661145600.png,Moon_2_1693278940934026496.png,2,1,918,781,0,224,425,0,0.2319
57,Moon_4_1693297658962217216.png,Moon_7_1693385248509925888.png,0,1,594,470,0,100,621,0,0.0906
57,Moon_4_1693297658962217216.png,Moon_7_1693385248509925888.png,1,0,438,699,1,169,269,-1,0.0906
57,Moon_4_1693297658962217216.png,Moon_7_1693385248509925888.png,2,0,512,484,1,310,233,-1,0.0906
58,Moon_4_1693297641286498816.png,Moon_5_1693360303540437504.png,0,1,342,548,0,448,278,-1,0.2786
58,Moon_4_1693297641286498816.png,Moon_5_1693360303540437504.png,1,1,836,521,0,512,562,0,0.2786
58,Moon_4_1693297641286498816.png,Moon_5_1693360303540437504.png,2,0,150,681,0,608,342,-1,0.2786
59,Moon_3_1693290440441851136.png,Moon_9_1692601900727190784.png,0,0,662,310,1,224,571,-1,0.1922
59,Moon_3_1693290440441851136.png,Moon_9_1692601900727190784.png,1,1,690,105,1,388,310,1,0.1922
59,Moon_3_1693290440441851136.png,Moon_9_1692601900727190784.png,2,0,525,731,1,201,123,-1,0.1922
60,Moon_1_1693274826498320896.png,Moon_9_1692601920724819712.png,0,1,301,118,1,548,374,1,0.0894
60,Moon_1_1693274826498320896.png,Moon_9_1692601920724819712.png,1,0,164,228,0,608,534,1,0.0894
60,Moon_1_1693274826498320896.png,Moon_9_1692601920724819712.png,2,0,713,246,1,498,150,-1,0.0894
61,Moon_2_1693278949727116032.png,Moon_9_1692601969453366784.png,0,1,205,566,0,562,672,0,0.5848
61,Moon_2_1693278949727116032.png,Moon_9_1692601969453366784.png,1,0,137,411,0,736,832,0,0.5848
61,Moon_2_1693278949727116032.png,Moon_9_1692601969453366784.png,2,0,502,379,1,658,580,0,0.5848
62,Moon_5_1693360334433649408.png,Moon_8_1693502158077943296.png,0,1,283,434,1,475,219,-1,0.0693
62,Moon_5_1693360334433649408.png,Moon_8_1693502158077943296.png,1,1,274,237,0,873,781,1,0.0693
62,Moon_5_1693360334433649408.png,Moon_8_1693502158077943296.png,2,0,498,845,0,114,333,-1,0.0693
63,Moon_4_1693297645711655680.png,Moon_5_1693360307923985152.png,0,0,342,342,1,214,434,1,0.2979
63,Moon_4_1693297645711655680.png,Moon_5_1693360307923985152.png,1,1,786,438,0,114,278,-1,0.2979
63,Moon_4_1693297645711655680.png,Moon_5_1693360307923985152.png,2,1,425,169,1,210,795,1,0.2979
64,Moon_4_1693297630216342784.png,Moon_8_1693502111358574592.png,0,1,731,416,0,196,242,-1,0.4118
64,Moon_4_1693297630216342784.png,Moon_8_1693502111358574592.png,1,1,128,205,1,352,324,1,0.4118
64,Moon_4_1693297630216342784.png,Moon_8_1693502111358574592.png,2,1,333,818,1,306,516,0,0.4118
65,Moon_2_1693278938654960128.png,Moon_5_1693360223754569728.png,0,0,790,384,1,265,292,-1,0.0373
65,Moon_2_1693278938654960128.png,Moon_5_1693360223754569728.png,1,1,182,434,0,196,320,-1,0.0373
65,Moon_2_1693278938654960128.png,Moon_5_1693360223754569728.png,2,0,681,274,1,868,297,0,0.0373
66,Moon_6_1693382779909736704.png,Moon_9_1692601854132585216.png,0,0,370,379,1,448,283,-1,0.0394
66,Moon_6_1693382779909736704.png,Moon_9_1692601854132585216.png,1,1,635,374,0,589,320,-1,0.0394
66,Moon_6_1693382779909736704.png,Moon_9_1692601854132585216.png,2,0,493,809,0,777,265,-1,0.0394
67,Moon_1_1693274802309600768.png,Moon_1_1693274824314911488.png,0,1,361,841,0,452,699,0,0.1795
67,Moon_1_1693274802309600768.png,Moon_1_1693274824314911488.png,1,1,361,155,1,288,484,1,0.1795
67,Moon_1_1693274802309600768.png,Moon_1_1693274824314911488.png,2,0,109,822,1,137,882,0,0.1795
68,Moon_5_1693360246059415808.png,Moon_7_1693385232934432000.png,0,1,754,864,0,164,553,0,0.1152
68,Moon_5_1693360246059415808.png,Moon_7_1693385232934432000.png,1,0,571,379,1,553,813,1,0.1152
68,Moon_5_1693360246059415808.png,Moon_7_1693385232934432000.png,2,0,315,173,1,361,306,1,0.1152
69,Moon_9_1692601953984546560.png,Moon_9_1692602000498853120.png,0,1,827,827,1,585,306,-1,0.2878
69,Moon_9_1692601953984546560.png,Moon_9_1692602000498853120.png,1,1,896,484,0,557,292,0,0.2878
69,Moon_9_1692601953984546560.png,Moon_9_1692602000498853120.png,2,1,493,790,0,795,621,1,0.2878
70,Moon_7_1693385288462085120.png,Moon_8_1693502093582423040.png,0,0,242,178,0,603,265,1,0.4481
70,Moon_7_1693385288462085120.png,Moon_8_1693502093582423040.png,1,0,214,320,0,388,388,0,0.4481
70,Moon_7_1693385288462085120.png,Moon_8_1693502093582423040.png,2,1,534,507,1,754,315,-1,0.4481
71,Moon_4_1693297683294151424.png,Moon_9_1692601973865185792.png,0,0,580,795,0,292,128,-1,0.2199
71,Moon_4_1693297683294151424.png,Moon_9_1692601973865185792.png,1,0,347,658,1,672,310,-1,0.2199
71,Moon_4_1693297683294151424.png,Moon_9_1692601973865185792.png,2,1,352,918,1,777,105,-1,0.2199
72,Moon_6_1693382762217537024.png,Moon_9_1692602020451406592.png,0,0,406,425,1,644,315,0,0.0954
72,Moon_6_1693382762217537024.png,Moon_9_1692602020451406592.png,1,1,160,763,1,507,269,-1,0.0954
72,Moon_6_1693382762217537024.png,Moon_9_1692602020451406592.png,2,1,781,434,0,141,205,-1,0.0954
73,Moon_3_1693290386972430592.png,Moon_4_1693297643503361536.png,0,1,708,873,0,850,256,-1,0.3166
73,Moon_3_1693290386972430592.png,Moon_4_1693297643503361536.png,1,0,411,662,1,132,580,0,0.3166
73,Moon_3_1693290386972430592.png,Moon_4_1693297643503361536.png,2,1,338,406,1,512,722,1,0.3166
74,Moon_4_1693297665604064000.png,Moon_4_1693297678879516416.png,0,0,237,484,0,914,461,-1,0.1255
74,Moon_4_1693297665604064000.png,Moon_4_1693297678879516416.png,1,0,283,310,0,178,635,1,0.1255
74,Moon_4_1693297665604064000.png,Moon_4_1693297678879516416.png,2,1,150,146,1,502,530,1,0.1255
75,Moon_3_1693290369046899712.png,Moon_4_1693297654536991488.png,0,0,178,544,0,333,914,0,0.1550
75,Moon_3_1693290369046899712.png,Moon_4_1693297654536991488.png,1,0,699,502,0,448,388,0,0.1550
75,Moon_3_1693290369046899712.png,Moon_4_1693297654536991488.png,2,1,292,763,0,708,749,0,0.1550
76,Moon_7_1693385257364646656.png,Moon_8_1693502035694102528.png,0,0,434,886,1,118,283,-1,0.2001
76,Moon_7_1693385257364646656.png,Moon_8_1693502035694102528.png,1,1,626,754,0,822,480,0,0.2001
76,Moon_7_1693385257364646656.png,Moon_8_1693502035694102528.png,2,1,246,525,0,608,306,-1,0.2001
77,Moon_1_1693274841966971392.png,Moon_4_1693297586014791680.png,0,0,342,882,1,310,484,0,0.0416
77,Moon_1_1693274841966971392.png,Moon_4_1693297586014791680.png,1,0,580,768,1,731,288,-1,0.0416
77,Moon_1_1693274841966971392.png,Moon_4_1693297586014791680.png,2,1,891,320,1,347,137,-1,0.0416
78,Moon_1_1693274808851476480.png,Moon_9_1692601865191123200.png,0,1,233,644,1,644,274,-1,0.2150
78,Moon_1_1693274808851476480.png,Moon_9_1692601865191123200.png,1,1,420,850,0,630,726,0,0.2150
78,Moon_1_1693274808851476480.png,Moon_9_1692601865191123200.png,2,1,640,818,0,384,461,0,0.2150
79,Moon_3_1693290382438937600.png,Moon_8_1693502062388428032.png,0,0,694,498,0,909,306,-1,0.1045
79,Moon_3_1693290382438937600.png,Moon_8_1693502062388428032.png,1,0,864,717,0,342,260,-1,0.1045
79,Moon_3_1693290382438937600.png,Moon_8_1693502062388428032.png,2,1,356,621,1,461,301,-1,0.1045
80,Moon_2_1693278852915466752.png,Moon_7_1693385330669033984.png,0,0,649,900,1,237,420,0,0.1707
80,Moon_2_1693278852915466752.png,Moon_7_1693385330669033984.png,1,0,841,105,0,342,534,1,0.1707
80,Moon_2_1693278852915466752.png,Moon_7_1693385330669033984.png,2,1,438,859,0,265,329,-1,0.1707
81,Moon_4_1693297632433139200.png,Moon_8_1693502095790921728.png,0,0,233,123,0,589,429,1,0.4664
81,Moon_4_1693297632433139200.png,Moon_8_1693502095790921728.png,1,0,589,681,0,434,662,0,0.4664
81,Moon_4_1693297632433139200.png,Moon_8_1693502095790921728.png,2,1,672,283,1,393,594,1,0.4664
82,Moon_1_1693274724086398208.png,Moon_4_1693297687702651136.png,0,0,205,653,0,210,265,-1,0.3388
82,Moon_1_1693274724086398208.png,Moon_4_1693297687702651136.png,1,0,406,768,1,576,758,1,0.3388
82,Moon_1_1693274724086398208.png,Moon_4_1693297687702651136.png,2,1,521,420,1,713,406,0,0.3388
83,Moon_6_1693382810954449920.png,Moon_7_1693385324043331328.png,0,1,365,914,0,900,278,-1,0.1646
83,Moon_6_1693382810954449920.png,Moon_7_1693385324043331328.png,1,1,420,379,0,493,905,0,0.1646
83,Moon_6_1693382810954449920.png,Moon_7_1693385324043331328.png,2,0,859,694,0,219,242,-1,0.1646
84,Moon_3_1693290371263728640.png,Moon_7_1693385370707675648.png,0,0,100,781,1,800,813,0,0.1798
84,Moon_3_1693290371263728640.png,Moon_7_1693385370707675648.png,1,0,553,644,0,301,498,0,0.1798
84,Moon_3_1693290371263728640.png,Moon_7_1693385370707675648.png,2,1,731,484,1,726,301,-1,0.1798
85,Moon_1_1693274835323929344.png,Moon_7_1693385275174477312.png,0,0,379,169,0,868,429,1,0.2513
85,Moon_1_1693274835323929344.png,Moon_7_1693385275174477312.png,1,1,196,411,0,717,900,0,0.2513
85,Moon_1_1693274835323929344.png,Moon_7_1693385275174477312.png,2,1,397,525,1,283,251,-1,0.2513
86,Moon_2_1693278874937471744.png,Moon_3_1693290395814460672.png,0,1,571,845,1,685,315,-1,0.2691
86,Moon_2_1693278874937471744.png,Moon_3_1693290395814460672.png,1,1,269,324,0,192,352,0,0.2691
86,Moon_2_1693278874937471744.png,Moon_3_1693290395814460672.png,2,1,370,754,1,589,118,-1,0.2691
87,Moon_5_1693360272510373888.png,Moon_9_1692601931747276288.png,0,1,324,502,0,804,352,-1,0.1227
87,Moon_5_1693360272510373888.png,Moon_9_1692601931747276288.png,1,0,845,182,0,356,265,1,0.1227
87,Moon_5_1693360272510373888.png,Moon_9_1692601931747276288.png,2,0,827,690,1,891,265,0,0.1227
88,Moon_2_1693278835223000320.png,Moon_2_1693278914553756928.png,0,1,740,900,0,374,260,-1,0.2559
88,Moon_2_1693278835223000320.png,Moon_2_1693278914553756928.png,1,1,182,251,0,324,548,1,0.2559
88,Moon_2_1693278835223000320.png,Moon_2_1693278914553756928.png,2,0,182,228,1,589,649,1,0.2559
89,Moon_6_1693382833054267136.png,Moon_8_1693502126925017344.png,0,0,772,758,1,333,763,0,0.1829
89,Moon_6_1693382833054267136.png,Moon_8_1693502126925017344.png,1,1,507,397,1,653,306,-1,0.1829
89,Moon_6_1693382833054267136.png,Moon_8_1693502126925017344.png,2,1,571,173,0,128,882,1,0.1829
90,Moon_2_1693278826495029248.png,Moon_7_1693385361762223616.png,0,0,224,914,0,219,210,-1,0.2736
90,Moon_2_1693278826495029248.png,Moon_7_1693385361762223616.png,1,0,224,585,1,182,662,0,0.2736
90,Moon_2_1693278826495029248.png,Moon_7_1693385361762223616.png,2,1,164,256,0,470,644,1,0.2736
91,Moon_5_1693360341075179520.png,Moon_6_1693382861806301440.png,0,0,800,585,1,854,265,-1,0.0583
91,Moon_5_1693360341075179520.png,Moon_6_1693382861806301440.png,1,1,310,736,0,525,269,-1,0.0583
91,Moon_5_1693360341075179520.png,Moon_6_1693382861806301440.png,2,0,109,795,1,589,205,-1,0.0583
92,Moon_4_1693297712051781888.png,Moon_9_1692601869624774400.png,0,0,393,352,1,905,306,-1,0.1300
92,Moon_4_1693297712051781888.png,Moon_9_1692601869624774400.png,1,1,379,132,1,502,900,1,0.1300
92,Moon_4_1693297712051781888.png,Moon_9_1692601869624774400.png,2,1,576,105,1,448,699,1,0.1300
93,Moon_3_1693290393605975040.png,Moon_6_1693382757825677824.png,0,1,438,681,1,676,470,0,0.2889
93,Moon_3_1693290393605975040.png,Moon_6_1693382757825677824.png,1,1,891,333,0,667,265,-1,0.2889
93,Moon_3_1693290393605975040.png,Moon_6_1693382757825677824.png,2,1,205,201,1,626,342,1,0.2889
94,Moon_2_1693278962838788096.png,Moon_5_1693360314582526976.png,0,1,448,694,1,896,301,-1,0.2918
94,Moon_2_1693278962838788096.png,Moon_5_1693360314582526976.png,1,0,736,425,1,452,246,-1,0.2918
94,Moon_2_1693278962838788096.png,Moon_5_1693360314582526976.png,2,0,516,251,0,210,402,1,0.2918
95,Moon_1_1693274797842934016.png,Moon_7_1693385337399959296.png,0,0,566,297,1,699,274,-1,0.2466
95,Moon_1_1693274797842934016.png,Moon_7_1693385337399959296.png,1,1,178,676,1,672,900,1,0.2466
95,Moon_1_1693274797842934016.png,Moon_7_1693385337399959296.png,2,0,507,786,0,544,105,-1,0.2466
96,Moon_4_1693297718668591872.png,Moon_7_1693385359562524416.png,0,0,772,448,1,118,612,1,0.2042
96,Moon_4_1693297718668591872.png,Moon_7_1693385359562524416.png,1,1,493,265,1,361,772,1,0.2042
96,Moon_4_1693297718668591872.png,Moon_7_1693385359562524416.png,2,1,301,315,0,580,393,1,0.2042
97,Moon_8_1693502026877145600.png,Moon_9_1692601840724045312.png,0,0,603,402,0,288,310,-1,0.1097
97,Moon_8_1693502026877145600.png,Moon_9_1692601840724045312.png,1,1,379,320,1,489,868,1,0.1097
97,Moon_8_1693502026877145600.png,Moon_9_1692601840724045312.png,2,1,891,484,0,406,694,0,0.1097
98,Moon_4_1693297625799693568.png,Moon_9_1692602040338822912.png,0,0,781,662,0,530,146,-1,0.1840
98,Moon_4_1693297625799693568.png,Moon_9_1692602040338822912.png,1,0,288,662,1,777,164,-1,0.1840
98,Moon_4_1693297625799693568.png,Moon_9_1692602040338822912.png,2,0,786,507,0,242,352,-1,0.1840
99,Moon_3_1693290391389214976.png,Moon_7_1693385375135812352.png,0,0,790,260,0,448,448,1,0.1553
99,Moon_3_1693290391389214976.png,Moon_7_1693385375135812352.png,1,1,384,457,0,283,118,-1,0.1553
99,Moon_3_1693290391389214976.png,Moon_7_1693385375135812352.png,2,1,512,324,1,740,347,0,0.1553
100,Moon_7_1693385319613377792.png,Moon_7_1693385377348844288.png,0,0,233,169,1,841,269,1,0.1975
100,Moon_7_1693385319613377792.png,Moon_7_1693385377348844288.png,1,1,690,301,1,489,443,1,0.1975
100,Moon_7_1693385319613377792.png,Moon_7_1693385377348844288.png,2,0,342,566,0,649,224,-1,0.1975
101,Moon_3_1693290364630082048.png,Moon_4_1693297716460361984.png,0,0,850,475,1,173,873,1,0.0181
101,Moon_3_1693290364630082048.png,Moon_4_1693297716460361984.png,1,0,585,864,1,740,393,-1,0.0181
101,Moon_3_1693290364630082048.png,Moon_4_1693297716460361984.png,2,0,288,571,1,576,365,-1,0.0181
102,Moon_7_1693385352912869632.png,Moon_9_1692601971668380160.png,0,0,274,726,0,617,288,-1,0.1431
102,Moon_7_1693385352912869632.png,Moon_9_1692601971668380160.png,1,0,105,315,1,411,594,1,0.1431
102,Moon_7_1693385352912869632.png,Moon_9_1692601971668380160.png,2,1,626,544,0,877,324,-1,0.1431
103,Moon_7_1693385390609798656.png,Moon_9_1692601907368687104.png,0,1,818,475,1,246,393,-1,0.0769
103,Moon_7_1693385390609798656.png,Moon_9_1692601907368687104.png,1,0,800,402,1,141,224,-1,0.0769
103,Moon_7_1693385390609798656.png,Moon_9_1692601907368687104.png,2,0,146,557,0,292,292,-1,0.0769
104,Moon_5_1693360299040300800.png,Moon_7_1693385270643499776.png,0,1,466,722,1,557,278,-1,0.0631
104,Moon_5_1693360299040300800.png,Moon_7_1693385270643499776.png,1,0,118,754,1,854,265,-1,0.0631
104,Moon_5_1693360299040300800.png,Moon_7_1693385270643499776.png,2,0,178,306,0,768,269,0,0.0631
105,Moon_2_1693278951897241344.png,Moon_4_1693297628007881984.png,0,0,310,736,1,265,900,0,0.1907
105,Moon_2_1693278951897241344.png,Moon_4_1693297628007881984.png,1,1,534,859,0,365,338,-1,0.1907
105,Moon_2_1693278951897241344.png,Moon_4_1693297628007881984.png,2,1,681,493,0,169,320,-1,0.1907
106,Moon_9_1692601938389479936.png,Moon_9_1692601965037747200.png,0,1,758,790,0,553,242,-1,0.1430
106,Moon_9_1692601938389479936.png,Moon_9_1692601965037747200.png,1,1,868,301,0,310,365,-1,0.1430
106,Moon_9_1692601938389479936.png,Moon_9_1692601965037747200.png,2,1,580,306,0,420,137,-1,0.1430
107,Moon_8_1693502040210924032.png,Moon_9_1692601933955288320.png,0,1,836,850,1,740,315,-1,0.2133
107,Moon_8_1693502040210924032.png,Moon_9_1692601933955288320.png,1,0,672,356,1,900,457,0,0.2133
107,Moon_8_1693502040210924032.png,Moon_9_1692601933955288320.png,2,1,571,534,0,854,333,0,0.2133
108,Moon_7_1693385295112168960.png,Moon_7_1693385348487172608.png,0,0,731,896,1,406,841,0,0.4545
108,Moon_7_1693385295112168960.png,Moon_7_1693385348487172608.png,1,0,173,827,0,406,882,0,0.4545
108,Moon_7_1693385295112168960.png,Moon_7_1693385348487172608.png,2,1,850,585,1,333,310,0,0.4545
109,Moon_5_1693360252617930240.png,Moon_7_1693385292895419904.png,0,0,251,576,0,466,274,-1,0.1187
109,Moon_5_1693360252617930240.png,Moon_7_1693385292895419904.png,1,1,713,534,1,196,283,-1,0.1187
109,Moon_5_1693360252617930240.png,Moon_7_1693385292895419904.png,2,1,909,105,0,804,251,1,0.1187
110,Moon_2_1693278899211098368.png,Moon_9_1692601860752592640.png,0,1,768,576,0,205,283,-1,0.0782
110,Moon_2_1693278899211098368.png,Moon_9_1692601860752592640.png,1,0,461,608,1,644,288,-1,0.0782
110,Moon_2_1693278899211098368.png,Moon_9_1692601860752592640.png,2,1,507,635,0,877,251,-1,0.0782
111,Moon_3_1693290444862845952.png,Moon_9_1692601960626369280.png,0,1,758,873,0,768,256,-1,0.2741
111,Moon_3_1693290444862845952.png,Moon_9_1692601960626369280.png,1,1,594,594,0,571,694,-1,0.2741
111,Moon_3_1693290444862845952.png,Moon_9_1692601960626369280.png,2,1,265,457,1,438,356,0,0.2741
112,Moon_6_1693382788743354368.png,Moon_9_1692601880783779328.png,0,1,306,192,0,521,598,1,0.0242
112,Moon_6_1693382788743354368.png,Moon_9_1692601880783779328.png,1,0,146,251,1,548,640,1,0.0242
112,Moon_6_1693382788743354368.png,Moon_9_1692601880783779328.png,2,1,676,109,0,850,100,-1,0.0242
113,Moon_2_1693278919012420352.png,Moon_6_1693382802011290624.png,0,0,269,393,0,210,758,1,0.0921
113,Moon_2_1693278919012420352.png,Moon_6_1693382802011290624.png,1,0,114,905,1,320,822,0,0.0921
113,Moon_2_1693278919012420352.png,Moon_6_1693382802011290624.png,2,0,681,475,1,315,356,0,0.0921
114,Moon_6_1693382857380934400.png,Moon_9_1692601909577051648.png,0,1,608,905,1,361,164,-1,0.4856
114,Moon_6_1693382857380934400.png,Moon_9_1692601909577051648.png,1,0,530,288,1,224,292,-1,0.4856
114,Moon_6_1693382857380934400.png,Moon_9_1692601909577051648.png,2,1,726,598,0,160,749,0,0.4856
115,Moon_2_1693278890421494016.png,Moon_6_1693382835262708992.png,0,0,493,128,0,918,406,1,0.1771
115,Moon_2_1693278890421494016.png,Moon_6_1693382835262708992.png,1,1,813,905,0,640,315,-1,0.1771
115,Moon_2_1693278890421494016.png,Moon_6_1693382835262708992.png,2,1,809,498,1,850,297,-1,0.1771
116,Moon_1_1693274822135214592.png,Moon_9_1692601993873861376.png,0,1,310,854,0,544,736,0,0.4256
116,Moon_1_1693274822135214592.png,Moon_9_1692601993873861376.png,1,1,128,246,0,873,260,1,0.4256
116,Moon_1_1693274822135214592.png,Moon_9_1692601993873861376.png,2,0,594,557,0,219,260,-1,0.4256
117,Moon_2_1693278861745208064.png,Moon_4_1693297705418092800.png,0,1,228,100,1,105,352,1,0.1304
117,Moon_2_1693278861745208064.png,Moon_4_1693297705418092800.png,1,1,425,164,0,310,566,1,0.1304
117,Moon_2_1693278861745208064.png,Moon_4_1693297705418092800.png,2,0,804,306,0,539,804,1,0.1304
118,Moon_6_1693382797593859072.png,Moon_8_1693502049031485440.png,0,1,576,726,0,909,123,-1,0.3727
118,Moon_6_1693382797593859072.png,Moon_8_1693502049031485440.png,1,0,585,690,0,169,105,-1,0.3727
118,Moon_6_1693382797593859072.png,Moon_8_1693502049031485440.png,2,1,708,283,1,630,420,1,0.3727
119,Moon_2_1693278850740367104.png,Moon_9_1692601918516571136.png,0,0,717,626,1,653,278,-1,0.2096
119,Moon_2_1693278850740367104.png,Moon_9_1692601918516571136.png,1,0,416,256,0,822,292,1,0.2096
119,Moon_2_1693278850740367104.png,Moon_9_1692601918516571136.png,2,0,571,882,0,292,150,-1,0.2096
120,Moon_1_1693274828790020352.png,Moon_5_1693360347717736704.png,0,0,301,155,1,137,699,1,0.2911
120,Moon_1_1693274828790020352.png,Moon_5_1693360347717736704.png,1,0,731,201,0,420,329,1,0.2911
120,Moon_1_1693274828790020352.png,Moon_5_1693360347717736704.png,2,0,461,489,1,196,539,0,0.2911
121,Moon_2_1693278943092983296.png,Moon_3_1693290411378645504.png,0,1,283,790,1,269,397,0,0.3843
121,Moon_2_1693278943092983296.png,Moon_3_1693290411378645504.png,1,1,836,393,0,694,516,0,0.3843
121,Moon_2_1693278943092983296.png,Moon_3_1693290411378645504.png,2,0,329,466,1,630,726,0,0.3843
122,Moon_6_1693382824203965184.png,Moon_7_1693385226284081152.png,0,0,726,585,1,804,187,-1,0.1456
122,Moon_6_1693382824203965184.png,Moon_7_1693385226284081152.png,1,1,502,292,0,105,512,1,0.1456
122,Moon_6_1693382824203965184.png,Moon_7_1693385226284081152.png,2,0,809,397,0,516,832,1,0.1456
123,Moon_1_1693274782342300928.png,Moon_5_1693360301348694528.png,0,0,475,128,1,635,205,0,0.2112
123,Moon_1_1693274782342300928.png,Moon_5_1693360301348694528.png,1,1,653,571,1,214,132,-1,0.2112
123,Moon_1_1693274782342300928.png,Moon_5_1693360301348694528.png,2,1,457,745,1,909,374,-1,0.2112
124,Moon_1_1693274729185205504.png,Moon_9_1692601925133392384.png,0,1,539,914,0,832,128,-1,0.2171
124,Moon_1_1693274729185205504.png,Moon_9_1692601925133392384.png,1,0,635,795,0,201,452,1,0.2171
124,Moon_1_1693274729185205504.png,Moon_9_1692601925133392384.png,2,1,173,896,1,100,324,-1,0.2171
125,Moon_3_1693290404740378624.png,Moon_9_1692602007126550528.png,0,1,146,333,0,900,489,1,0.1690
125,Moon_3_1693290404740378624.png,Moon_9_1692602007126550528.png,1,0,690,690,0,269,324,-1,0.1690
125,Moon_3_1693290404740378624.png,Moon_9_1692602007126550528.png,2,0,736,205,1,356,114,0,0.1690
126,Moon_2_1693278839689957632.png,Moon_6_1693382775492936192.png,0,0,278,722,1,649,315,-1,0.0671
126,Moon_2_1693278839689957632.png,Moon_6_1693382775492936192.png,1,0,256,347,1,864,292,0,0.0671
126,Moon_2_1693278839689957632.png,Moon_6_1693382775492936192.png,2,0,749,617,1,128,909,0,0.0671
127,Moon_2_1693278804335472128.png,Moon_7_1693385241776332288.png,0,1,507,324,0,617,347,-1,0.0599
127,Moon_2_1693278804335472128.png,Moon_7_1693385241776332288.png,1,1,662,790,0,859,278,-1,0.0599
127,Moon_2_1693278804335472128.png,Moon_7_1693385241776332288.png,2,1,790,530,1,205,292,-1,0.0599
128,Moon_4_1693297588223171328.png,Moon_8_1693502053556675328.png,0,1,320,918,1,256,265,-1,0.0862
128,Moon_4_1693297588223171328.png,Moon_8_1693502053556675328.png,1,0,109,379,1,891,475,0,0.0862
128,Moon_4_1693297588223171328.png,Moon_8_1693502053556675328.png,2,1,402,274,0,470,146,-1,0.0862
129,Moon_7_1693385301762433024.png,Moon_9_1692601847477821952.png,0,0,566,548,0,804,690,0,0.2884
129,Moon_7_1693385301762433024.png,Moon_9_1692601847477821952.png,1,1,379,352,0,237,694,0,0.2884
129,Moon_7_1693385301762433024.png,Moon_9_1692601847477821952.png,2,1,150,475,0,416,708,0,0.2884
130,Moon_2_1693278960660650496.png,Moon_9_1692602016059289600.png,0,1,653,909,0,576,406,1,0.3132
130,Moon_2_1693278960660650496.png,Moon_9_1692602016059289600.png,1,1,429,539,0,854,530,0,0.3132
130,Moon_2_1693278960660650496.png,Moon_9_1692602016059289600.png,2,1,210,233,1,594,457,1,0.3132
131,Moon_4_1693297594848419840.png,Moon_4_1693297663387299328.png,0,0,397,763,0,585,352,-1,0.4593
131,Moon_4_1693297594848419840.png,Moon_4_1693297663387299328.png,1,0,438,315,1,667,411,1,0.4593
131,Moon_4_1693297594848419840.png,Moon_4_1693297663387299328.png,2,0,617,896,1,854,242,-1,0.4593
132,Moon_2_1693278936483886592.png,Moon_9_1692602024876847616.png,0,0,809,256,1,132,864,1,0.1816
132,Moon_2_1693278936483886592.png,Moon_9_1692602024876847616.png,1,1,621,425,1,242,397,-1,0.1816
132,Moon_2_1693278936483886592.png,Moon_9_1692602024876847616.png,2,1,338,548,1,438,288,-1,0.1816
133,Moon_3_1693290418104076544.png,Moon_9_1692601967246550016.png,0,1,704,681,0,260,283,-1,0.1777
133,Moon_3_1693290418104076544.png,Moon_9_1692601967246550016.png,1,1,470,841,0,594,260,-1,0.1777
133,Moon_3_1693290418104076544.png,Moon_9_1692601967246550016.png,2,0,690,411,1,283,822,0,0.1777
134,Moon_5_1693360292494414336.png,Moon_9_1692601836290577152.png,0,1,466,278,1,329,598,1,0.1241
134,Moon_5_1693360292494414336.png,Moon_9_1692601836290577152.png,1,0,786,672,0,571,288,-1,0.1241
134,Moon_5_1693360292494414336.png,Moon_9_1692601836290577152.png,2,0,365,658,1,201,507,-1,0.1241
135,Moon_9_1692601936172317184.png,Moon_9_1692602031508466176.png,0,0,585,457,0,772,278,-1,0.2023
135,Moon_9_1692601936172317184.png,Moon_9_1692602031508466176.png,1,1,786,658,1,726,301,-1,0.2023
135,Moon_9_1692601936172317184.png,Moon_9_1692602031508466176.png,2,0,800,640,0,310,192,-1,0.2023
136,Moon_5_1693360332258254336.png,Moon_9_1692601823029515776.png,0,0,123,877,0,256,315,-1,0.0397
136,Moon_5_1693360332258254336.png,Moon_9_1692601823029515776.png,1,1,224,201,0,617,644,1,0.0397
136,Moon_5_1693360332258254336.png,Moon_9_1692601823029515776.png,2,0,873,736,1,393,374,-1,0.0397
137,Moon_5_1693360219387737600.png,Moon_7_1693385381783017472.png,0,0,512,365,1,448,365,0,0.3305
137,Moon_5_1693360219387737600.png,Moon_7_1693385381783017472.png,1,1,374,886,1,909,868,0,0.3305
137,Moon_5_1693360219387737600.png,Moon_7_1693385381783017472.png,2,0,100,790,1,342,196,-1,0.3305
138,Moon_2_1693278894760878848.png,Moon_9_1692601876263582720.png,0,1,813,434,0,498,228,-1,0.1341
138,Moon_2_1693278894760878848.png,Moon_9_1692601876263582720.png,1,0,123,909,0,900,384,0,0.1341
138,Moon_2_1693278894760878848.png,Moon_9_1692601876263582720.png,2,0,173,621,0,694,306,0,0.1341
139,Moon_3_1693290357871587840.png,Moon_8_1693502104608351232.png,0,1,498,521,1,918,352,-1,0.1873
139,Moon_3_1693290357871587840.png,Moon_8_1693502104608351232.png,1,1,406,758,0,585,438,0,0.1873
139,Moon_3_1693290357871587840.png,Moon_8_1693502104608351232.png,2,0,434,233,0,338,530,1,0.1873
140,Moon_2_1693278954068584192.png,Moon_4_1693297689911158784.png,0,1,909,301,0,100,356,-1,0.0578
140,Moon_2_1693278954068584192.png,Moon_4_1693297689911158784.png,1,0,603,324,1,128,425,1,0.0578
140,Moon_2_1693278954068584192.png,Moon_4_1693297689911158784.png,2,0,278,470,1,448,827,1,0.0578
141,Moon_3_1693290473832806912.png,Moon_9_1692602002709911296.png,0,0,649,388,0,662,201,-1,0.1695
141,Moon_3_1693290473832806912.png,Moon_9_1692602002709911296.png,1,1,205,557,1,269,886,-1,0.1695
141,Moon_3_1693290473832806912.png,Moon_9_1692602002709911296.png,2,1,699,841,1,425,301,-1,0.1695
142,Moon_5_1693360208212409088.png,Moon_9_1692601987237833216.png,0,0,233,324,1,534,237,-1,0.3010
142,Moon_5_1693360208212409088.png,Moon_9_1692601987237833216.png,1,0,589,534,1,123,210,-1,0.3010
142,Moon_5_1693360208212409088.png,Moon_9_1692601987237833216.png,2,1,800,658,0,873,237,-1,0.3010
143,Moon_5_1693360263651613952.png,Moon_8_1693502069089505792.png,0,1,228,484,1,731,521,0,0.1518
143,Moon_5_1693360263651613952.png,Moon_8_1693502069089505792.png,1,1,617,813,0,256,251,-1,0.1518
143,Moon_5_1693360263651613952.png,Moon_8_1693502069089505792.png,2,0,137,553,0,525,274,-1,0.1518
144,Moon_5_1693360276977411840.png,Moon_5_1693360321241174272.png,0,0,333,809,0,630,297,-1,0.2553
144,Moon_5_1693360276977411840.png,Moon_5_1693360321241174272.png,1,0,246,260,1,420,342,1,0.2553
144,Moon_5_1693360276977411840.png,Moon_5_1693360321241174272.png,2,1,905,493,1,539,219,-1,0.2553
145,Moon_3_1693290456029812480.png,Moon_7_1693385297329398272.png,0,0,635,150,0,461,713,1,0.1193
145,Moon_3_1693290456029812480.png,Moon_7_1693385297329398272.png,1,0,877,498,1,841,356,-1,0.1193
145,Moon_3_1693290456029812480.png,Moon_7_1693385297329398272.png,2,1,918,649,1,109,114,-1,0.1193
146,Moon_1_1693274742543986432.png,Moon_5_1693360203829011456.png,0,1,905,914,1,274,315,-1,0.1312
146,Moon_1_1693274742543986432.png,Moon_5_1693360203829011456.png,1,0,758,772,0,361,676,0,0.1312
146,Moon_1_1693274742543986432.png,Moon_5_1693360203829011456.png,2,1,480,242,1,809,178,-1,0.1312
147,Moon_3_1693290343869371904.png,Moon_4_1693297681087993600.png,0,0,141,594,1,873,800,0,0.3357
147,Moon_3_1693290343869371904.png,Moon_4_1693297681087993600.png,1,0,594,169,1,475,708,1,0.3357
147,Moon_3_1693290343869371904.png,Moon_4_1693297681087993600.png,2,0,845,155,0,301,283,1,0.3357
148,Moon_6_1693382813162943744.png,Moon_6_1693382855163982848.png,0,1,822,429,0,516,132,-1,0.4245
148,Moon_6_1693382813162943744.png,Moon_6_1693382855163982848.png,1,0,896,489,0,406,388,0,0.4245
148,Moon_6_1693382813162943744.png,Moon_6_1693382855163982848.png,2,1,132,324,0,123,781,1,0.4245
149,Moon_4_1693297674454237696.png,Moon_5_1693360217087668480.png,0,0,617,681,1,649,274,-1,0.1665
149,Moon_4_1693297674454237696.png,Moon_5_1693360217087668480.png,1,0,448,534,1,178,329,-1,0.1665
149,Moon_4_1693297674454237696.png,Moon_5_1693360217087668480.png,2,0,160,745,0,630,900,0,0.1665
150,Moon_2_1693278857394992384.png,Moon_8_1693502051239909376.png,0,1,338,205,1,539,512,1,0.1492
150,Moon_2_1693278857394992384.png,Moon_8_1693502051239909376.png,1,0,667,539,1,868,708,0,0.1492
150,Moon_2_1693278857394992384.png,Moon_8_1693502051239909376.png,2,1,790,260,1,265,763,1,0.1492
151,Moon_5_1693360356555346688.png,Moon_8_1693502138077703424.png,0,0,608,790,1,443,224,-1,0.5136
151,Moon_5_1693360356555346688.png,Moon_8_1693502138077703424.png,1,0,205,297,1,603,466,0,0.5136
151,Moon_5_1693360356555346688.png,Moon_8_1693502138077703424.png,2,0,288,612,0,644,589,0,0.5136
152,Moon_2_1693278903553085184.png,Moon_8_1693502115775332864.png,0,1,297,868,0,754,173,-1,0.0383
152,Moon_2_1693278903553085184.png,Moon_8_1693502115775332864.png,1,0,365,909,1,900,333,-1,0.0383
152,Moon_2_1693278903553085184.png,Moon_8_1693502115775332864.png,2,0,653,832,1,694,242,-1,0.0383
153,Moon_2_1693278905736467968.png,Moon_9_1692601951767227904.png,0,0,320,772,0,452,443,0,0.2890
153,Moon_2_1693278905736467968.png,Moon_9_1692601951767227904.png,1,1,475,534,0,160,297,-1,0.2890
153,Moon_2_1693278905736467968.png,Moon_9_1692601951767227904.png,2,1,859,772,0,699,429,1,0.2890
154,Moon_1_1693274771314374912.png,Moon_5_1693360310215867136.png,0,0,813,137,0,374,315,1,0.1148
154,Moon_1_1693274771314374912.png,Moon_5_1693360310215867136.png,1,0,699,269,0,146,146,1,0.1148
154,Moon_1_1693274771314374912.png,Moon_5_1693360310215867136.png,2,1,566,173,0,502,246,0,0.1148
155,Moon_5_1693360230438143744.png,Moon_6_1693382773284593152.png,0,0,886,704,0,777,251,-1,0.2360
155,Moon_5_1693360230438143744.png,Moon_6_1693382773284593152.png,1,0,576,521,1,438,704,0,0.2360
155,Moon_5_1693360230438143744.png,Moon_6_1693382773284593152.png,2,1,356,905,1,836,292,-1,0.2360
156,Moon_1_1693274793484252928.png,Moon_7_1693385308537781504.png,0,1,873,443,1,379,722,-1,0.2938
156,Moon_1_1693274793484252928.png,Moon_7_1693385308537781504.png,1,1,246,589,0,731,219,-1,0.2938
156,Moon_1_1693274793484252928.png,Moon_7_1693385308537781504.png,2,0,196,214,0,283,484,1,0.2938
157,Moon_4_1693297707634922496.png,Moon_7_1693385228509154048.png,0,1,457,466,0,484,612,0,0.0847
157,Moon_4_1693297707634922496.png,Moon_7_1693385228509154048.png,1,0,265,617,0,411,251,-1,0.0847
157,Moon_4_1693297707634922496.png,Moon_7_1693385228509154048.png,2,0,329,470,0,621,260,-1,0.0847
158,Moon_1_1693274762447427072.png,Moon_1_1693274777983797504.png,0,1,530,658,0,745,283,-1,0.2249
158,Moon_1_1693274762447427072.png,Moon_1_1693274777983797504.png,1,1,822,448,1,237,502,0,0.2249
158,Moon_1_1693274762447427072.png,Moon_1_1693274777983797504.png,2,1,292,224,0,548,914,1,0.2249
159,Moon_8_1693502042394468864.png,Moon_9_1692601929542524160.png,0,0,402,260,0,640,265,1,0.1950
159,Moon_8_1693502042394468864.png,Moon_9_1692601929542524160.png,1,1,612,169,1,516,274,1,0.1950
159,Moon_8_1693502042394468864.png,Moon_9_1692601929542524160.png,2,1,758,772,1,594,676,0,0.1950
160,Moon_4_1693297583806382592.png,Moon_8_1693502013510068992.png,0,0,649,708,1,123,329,0,0.2022
160,Moon_4_1693297583806382592.png,Moon_8_1693502013510068992.png,1,0,379,786,0,310,297,-1,0.2022
160,Moon_4_1693297583806382592.png,Moon_8_1693502013510068992.png,2,1,342,388,0,576,914,0,0.2022
161,Moon_2_1693278799960329984.png,Moon_8_1693502020143586304.png,0,0,128,406,1,763,347,-1,0.2008
161,Moon_2_1693278799960329984.png,Moon_8_1693502020143586304.png,1,0,361,178,0,713,393,1,0.2008
161,Moon_2_1693278799960329984.png,Moon_8_1693502020143586304.png,2,0,525,676,1,452,114,-1,0.2008
162,Moon_1_1693274766822551808.png,Moon_4_1693297581597992704.png,0,1,256,356,0,228,233,-1,0.2670
162,Moon_1_1693274766822551808.png,Moon_4_1693297581597992704.png,1,0,900,356,0,324,114,-1,0.2670
162,Moon_1_1693274766822551808.png,Moon_4_1693297581597992704.png,2,1,164,128,0,754,338,1,0.2670
163,Moon_3_1693290409170288384.png,Moon_7_1693385379564557312.png,0,0,571,393,1,260,822,0,0.1456
163,Moon_3_1693290409170288384.png,Moon_7_1693385379564557312.png,1,1,475,841,0,781,269,-1,0.1456
163,Moon_3_1693290409170288384.png,Moon_7_1693385379564557312.png,2,1,123,443,1,173,288,-1,0.1456
164,Moon_5_1693360305732142336.png,Moon_5_1693360371927946496.png,0,0,548,845,1,402,301,-1,0.1013
164,Moon_5_1693360305732142336.png,Moon_5_1693360371927946496.png,1,0,160,548,1,553,877,1,0.1013
164,Moon_5_1693360305732142336.png,Moon_5_1693360371927946496.png,2,0,708,315,1,580,169,-1,0.1013
165,Moon_7_1693385355131356160.png,Moon_8_1693502091265658624.png,0,0,187,402,1,242,224,-1,0.1852
165,Moon_7_1693385355131356160.png,Moon_8_1693502091265658624.png,1,1,438,763,0,576,393,0,0.1852
165,Moon_7_1693385355131356160.png,Moon_8_1693502091265658624.png,2,0,237,713,1,717,283,-1,0.1852
166,Moon_2_1693278837514841344.png,Moon_5_1693360343250593280.png,0,0,676,640,1,489,251,-1,0.2923
166,Moon_2_1693278837514841344.png,Moon_5_1693360343250593280.png,1,0,361,676,0,228,877,0,0.2923
166,Moon_2_1693278837514841344.png,Moon_5_1693360343250593280.png,2,0,370,160,0,521,598,1,0.2923
167,Moon_1_1693274731376985088.png,Moon_7_1693385255143570688.png,0,1,557,356,1,745,617,1,0.2642
167,Moon_1_1693274731376985088.png,Moon_7_1693385255143570688.png,1,0,873,338,1,603,827,0,0.2642
167,Moon_1_1693274731376985088.png,Moon_7_1693385255143570688.png,2,0,790,205,0,132,585,1,0.2642
168,Moon_1_1693274760261200384.png,Moon_9_1692601916291516928.png,0,1,653,672,1,470,873,0,0.3116
168,Moon_1_1693274760261200384.png,Moon_9_1692601916291516928.png,1,0,795,393,1,512,237,-1,0.3116
168,Moon_1_1693274760261200384.png,Moon_9_1692601916291516928.png,2,0,909,521,1,827,690,0,0.3116
169,Moon_7_1693385214532670976.png,Moon_9_1692601902935630592.png,0,0,635,827,0,246,288,-1,0.0476
169,Moon_7_1693385214532670976.png,Moon_9_1692601902935630592.png,1,1,603,434,1,306,630,-1,0.0476
169,Moon_7_1693385214532670976.png,Moon_9_1692601902935630592.png,2,1,909,585,0,530,370,1,0.0476
170,Moon_5_1693360250434547712.png,Moon_9_1692601883002842624.png,0,0,525,553,1,749,845,0,0.3951
170,Moon_5_1693360250434547712.png,Moon_9_1692601883002842624.png,1,0,813,237,1,521,598,1,0.3951
170,Moon_5_1693360250434547712.png,Moon_9_1692601883002842624.png,2,0,525,301,0,379,210,-1,0.3951
171,Moon_8_1693502055756790272.png,Moon_9_1692601856334395392.png,0,0,658,594,1,388,214,-1,0.5267
171,Moon_8_1693502055756790272.png,Moon_9_1692601856334395392.png,1,0,653,356,1,617,361,0,0.5267
171,Moon_8_1693502055756790272.png,Moon_9_1692601856334395392.png,2,1,484,859,0,301,630,0,0.5267
172,Moon_8_1693502022351961088.png,Moon_8_1693502117984150272.png,0,1,352,242,1,626,324,1,0.4515
172,Moon_8_1693502022351961088.png,Moon_8_1693502117984150272.png,1,0,173,608,1,274,717,0,0.4515
172,Moon_8_1693502022351961088.png,Moon_8_1693502117984150272.png,2,1,594,777,1,338,406,0,0.4515
173,Moon_2_1693278813177645568.png,Moon_9_1692602027088854528.png,0,1,438,795,1,854,310,-1,0.1177
173,Moon_2_1693278813177645568.png,Moon_9_1692602027088854528.png,1,0,260,274,1,749,685,1,0.1177
173,Moon_2_1693278813177645568.png,Moon_9_1692602027088854528.png,2,0,192,681,0,845,256,-1,0.1177
174,Moon_2_1693278956220726272.png,Moon_3_1693290373588713472.png,0,1,224,155,1,356,420,1,0.1482
174,Moon_2_1693278956220726272.png,Moon_3_1693290373588713472.png,1,1,790,187,0,617,475,1,0.1482
174,Moon_2_1693278956220726272.png,Moon_3_1693290373588713472.png,2,1,557,676,1,576,251,0,0.1482
175,Moon_6_1693382819803797248.png,Moon_6_1693382826412476672.png,0,1,608,379,0,512,297,-1,0.0379
175,Moon_6_1693382819803797248.png,Moon_6_1693382826412476672.png,1,1,160,256,1,562,918,0,0.0379
175,Moon_6_1693382819803797248.png,Moon_6_1693382826412476672.png,2,0,214,402,0,832,827,0,0.0379
176,Moon_1_1693274784634059008.png,Moon_4_1693297696554102016.png,0,0,566,612,0,201,438,-1,0.1424
176,Moon_1_1693274784634059008.png,Moon_4_1693297696554102016.png,1,0,429,310,1,548,118,-1,0.1424
176,Moon_1_1693274784634059008.png,Moon_4_1693297696554102016.png,2,0,566,182,1,438,585,1,0.1424
177,Moon_7_1693385303987595008.png,Moon_9_1692601818593649152.png,0,1,681,233,0,128,114,-1,0.2571
177,Moon_7_1693385303987595008.png,Moon_9_1692601818593649152.png,1,1,635,493,0,370,164,-1,0.2571
177,Moon_7_1693385303987595008.png,Moon_9_1692601818593649152.png,2,1,918,160,0,178,722,1,0.2571
178,Moon_5_1693360210520808704.png,Moon_5_1693360270318894080.png,0,0,388,114,1,338,155,0,0.1175
178,Moon_5_1693360210520808704.png,Moon_5_1693360270318894080.png,1,1,886,740,0,155,265,-1,0.1175
178,Moon_5_1693360210520808704.png,Moon_5_1693360270318894080.png,2,0,836,626,0,841,242,-1,0.1175
179,Moon_4_1693297692127993088.png,Moon_8_1693502120309017344.png,0,1,297,388,0,873,626,0,0.3250
179,Moon_4_1693297692127993088.png,Moon_8_1693502120309017344.png,1,0,900,891,1,731,114,-1,0.3250
179,Moon_4_1693297692127993088.png,Moon_8_1693502120309017344.png,2,0,758,850,0,644,443,0,0.3250
180,Moon_5_1693360354262237184.png,Moon_7_1693385272857508096.png,0,0,100,557,0,402,795,1,0.3605
180,Moon_5_1693360354262237184.png,Moon_7_1693385272857508096.png,1,0,310,516,0,731,219,-1,0.3605
180,Moon_5_1693360354262237184.png,Moon_7_1693385272857508096.png,2,0,118,356,1,228,850,1,0.3605
181,Moon_4_1693297650111828224.png,Moon_8_1693502100207653632.png,0,0,694,420,1,749,329,0,0.1791
181,Moon_4_1693297650111828224.png,Moon_8_1693502100207653632.png,1,1,169,228,0,612,562,1,0.1791
181,Moon_4_1693297650111828224.png,Moon_8_1693502100207653632.png,2,0,137,763,0,768,832,0,0.1791
182,Moon_3_1693290366838534912.png,Moon_8_1693502155864948736.png,0,1,891,393,1,635,260,-1,0.1654
182,Moon_3_1693290366838534912.png,Moon_8_1693502155864948736.png,1,1,297,274,1,896,694,1,0.1654
182,Moon_3_1693290366838534912.png,Moon_8_1693502155864948736.png,2,0,155,877,0,722,324,0,0.1654
183,Moon_5_1693360261468237056.png,Moon_6_1693382837479643136.png,0,1,713,854,0,818,214,-1,0.3222
183,Moon_5_1693360261468237056.png,Moon_6_1693382837479643136.png,1,0,498,187,1,288,260,0,0.3222
183,Moon_5_1693360261468237056.png,Moon_6_1693382837479643136.png,2,0,164,425,0,722,763,0,0.3222
184,Moon_1_1693274773489495040.png,Moon_5_1693360274793772544.png,0,0,288,160,1,580,484,1,0.1922
184,Moon_1_1693274773489495040.png,Moon_5_1693360274793772544.png,1,0,356,356,0,886,274,-1,0.1922
184,Moon_1_1693274773489495040.png,Moon_5_1693360274793772544.png,2,1,233,781,1,676,182,-1,0.1922
185,Moon_4_1693297610332275712.png,Moon_5_1693360254909697536.png,0,0,918,347,1,836,690,-1,0.0374
185,Moon_4_1693297610332275712.png,Moon_5_1693360254909697536.png,1,1,507,521,1,726,265,-1,0.0374
185,Moon_4_1693297610332275712.png,Moon_5_1693360254909697536.png,2,1,736,845,0,329,224,-1,0.0374
186,Moon_2_1693278872762300928.png,Moon_4_1693297672237536256.png,0,1,173,155,0,132,374,1,0.6373
186,Moon_2_1693278872762300928.png,Moon_4_1693297672237536256.png,1,1,324,900,1,832,676,0,0.6373
186,Moon_2_1693278872762300928.png,Moon_4_1693297672237536256.png,2,1,260,452,0,758,118,-1,0.6373
187,Moon_6_1693382782118190848.png,Moon_7_1693385281824638720.png,0,0,196,306,1,219,813,0,0.2032
187,Moon_6_1693382782118190848.png,Moon_7_1693385281824638720.png,1,0,795,722,1,452,278,-1,0.2032
187,Moon_6_1693382782118190848.png,Moon_7_1693385281824638720.png,2,1,626,420,0,246,658,0,0.2032
188,Moon_3_1693290378005506304.png,Moon_9_1692601867415922688.png,0,0,873,772,1,246,269,-1,0.0435
188,Moon_3_1693290378005506304.png,Moon_9_1692601867415922688.png,1,1,676,594,1,690,265,-1,0.0435
188,Moon_3_1693290378005506304.png,Moon_9_1692601867415922688.png,2,1,886,704,1,845,256,-1,0.0435
189,Moon_4_1693297579388073216.png,Moon_9_1692601871836621312.png,0,1,800,521,1,658,237,-1,0.0610
189,Moon_4_1693297579388073216.png,Moon_9_1692601871836621312.png,1,1,580,886,1,452,338,-1,0.0610
189,Moon_4_1693297579388073216.png,Moon_9_1692601871836621312.png,2,1,909,201,0,704,237,-1,0.0610
190,Moon_3_1693290346829883904.png,Moon_9_1692601949549905920.png,0,1,781,822,1,173,256,-1,0.3684
190,Moon_3_1693290346829883904.png,Moon_9_1692601949549905920.png,1,0,795,845,0,854,553,0,0.3684
190,Moon_3_1693290346829883904.png,Moon_9_1692601949549905920.png,2,0,548,100,0,740,365,1,0.3684
191,Moon_1_1693274751394245376.png,Moon_8_1693502017943554816.png,0,1,292,201,0,420,704,1,0.2705
191,Moon_1_1693274751394245376.png,Moon_8_1693502017943554816.png,1,1,754,713,0,777,914,-1,0.2705
191,Moon_1_1693274751394245376.png,Moon_8_1693502017943554816.png,2,0,196,832,1,644,841,0,0.2705
192,Moon_2_1693278824203053824.png,Moon_8_1693502113567319808.png,0,1,278,781,1,411,347,0,0.1073
192,Moon_2_1693278824203053824.png,Moon_8_1693502113567319808.png,1,0,763,672,1,178,256,-1,0.1073
192,Moon_2_1693278824203053824.png,Moon_8_1693502113567319808.png,2,0,763,141,0,269,882,1,0.1073
193,Moon_2_1693278863920210944.png,Moon_6_1693382751198419712.png,0,0,292,822,0,269,242,-1,0.1301
193,Moon_2_1693278863920210944.png,Moon_6_1693382751198419712.png,1,0,452,388,1,672,246,-1,0.1301
193,Moon_2_1693278863920210944.png,Moon_6_1693382751198419712.png,2,1,896,832,1,900,274,-1,0.1301
194,Moon_4_1693297590431607808.png,Moon_4_1693297652328715776.png,0,1,274,909,0,886,292,-1,0.1475
194,Moon_4_1693297590431607808.png,Moon_4_1693297652328715776.png,1,1,653,374,1,539,658,0,0.1475
194,Moon_4_1693297590431607808.png,Moon_4_1693297652328715776.png,2,0,173,338,0,557,576,1,0.1475
195,Moon_7_1693385312971661824.png,Moon_9_1692601914082949376.png,0,0,397,146,1,457,242,1,0.1451
195,Moon_7_1693385312971661824.png,Moon_9_1692601914082949376.png,1,1,228,566,0,736,274,-1,0.1451
195,Moon_7_1693385312971661824.png,Moon_9_1692601914082949376.png,2,1,640,173,1,777,521,1,0.1451
196,Moon_1_1693274740252269824.png,Moon_9_1692601998293145344.png,0,1,137,603,0,900,320,-1,0.4034
196,Moon_1_1693274740252269824.png,Moon_9_1692601998293145344.png,1,1,795,256,0,320,114,0,0.4034
196,Moon_1_1693274740252269824.png,Moon_9_1692601998293145344.png,2,0,192,466,0,850,781,-1,0.4034
197,Moon_7_1693385363976421888.png,Moon_9_1692602029289835776.png,0,1,205,438,0,310,288,-1,0.0419
197,Moon_7_1693385363976421888.png,Moon_9_1692602029289835776.png,1,1,795,777,0,864,233,-1,0.0419
197,Moon_7_1693385363976421888.png,Moon_9_1692602029289835776.png,2,0,160,649,1,786,324,-1,0.0419
198,Moon_1_1693274780158891520.png,Moon_7_1693385277399488000.png,0,0,219,420,0,278,896,1,0.1336
198,Moon_1_1693274780158891520.png,Moon_7_1693385277399488000.png,1,1,576,608,1,576,324,-1,0.1336
198,Moon_1_1693274780158891520.png,Moon_7_1693385277399488000.png,2,0,685,379,1,918,269,-1,0.1336
199,Moon_2_1693278879404323072.png,Moon_5_1693360296857159680.png,0,1,347,530,1,105,713,-1,0.1366
199,Moon_2_1693278879404323072.png,Moon_5_1693360296857159680.png,1,1,530,868,1,530,301,-1,0.1366
199,Moon_2_1693278879404323072.png,Moon_5_1693360296857159680.png,2,0,576,722,1,173,201,-1,0.1366
200,Moon_6_1693382790951801600.png,Moon_7_1693385386202261504.png,0,1,644,800,1,402,708,-1,0.2133
200,Moon_6_1693382790951801600.png,Moon_7_1693385386202261504.png,1,0,813,630,0,192,251,-1,0.2133
200,Moon_6_1693382790951801600.png,Moon_7_1693385386202261504.png,2,1,731,123,1,813,269,1,0.2133
201,Moon_6_1693382760017415680.png,Moon_8_1693502077939442432.png,0,1,502,338,1,379,182,-1,0.2038
201,Moon_6_1693382760017415680.png,Moon_8_1693502077939442432.png,1,1,832,132,1,621,617,1,0.2038
201,Moon_6_1693382760017415680.png,Moon_8_1693502077939442432.png,2,1,420,612,1,160,740,0,0.2038
202,Moon_2_1693278916728960256.png,Moon_4_1693297661170524672.png,0,1,571,576,0,594,141,-1,0.0728
202,Moon_2_1693278916728960256.png,Moon_4_1693297661170524672.png,1,1,676,329,0,242,324,-1,0.0728
202,Moon_2_1693278916728960256.png,Moon_4_1693297661170524672.png,2,0,155,493,1,493,297,-1,0.0728
203,Moon_6_1693382784326604800.png,Moon_9_1692601945023603712.png,0,0,365,521,0,128,164,-1,0.2092
203,Moon_6_1693382784326604800.png,Moon_9_1692601945023603712.png,1,1,649,470,1,420,246,-1,0.2092
203,Moon_6_1693382784326604800.png,Moon_9_1692601945023603712.png,2,0,781,397,0,370,292,-1,0.2092
204,Moon_3_1693290451496259072.png,Moon_5_1693360268135352576.png,0,0,333,164,0,598,315,1,0.1992
204,Moon_3_1693290451496259072.png,Moon_5_1693360268135352576.png,1,0,484,772,0,516,178,-1,0.1992
204,Moon_3_1693290451496259072.png,Moon_5_1693360268135352576.png,2,1,676,493,0,873,365,-1,0.1992
205,Moon_6_1693382795377090560.png,Moon_7_1693385315179973888.png,0,1,502,182,0,425,617,1,0.2390
205,Moon_6_1693382795377090560.png,Moon_7_1693385315179973888.png,1,1,781,278,1,283,192,0,0.2390
205,Moon_6_1693382795377090560.png,Moon_7_1693385315179973888.png,2,1,800,758,1,114,306,0,0.2390
206,Moon_2_1693278841889997824.png,Moon_4_1693297698762424320.png,0,0,224,388,1,896,448,0,0.2421
206,Moon_2_1693278841889997824.png,Moon_4_1693297698762424320.png,1,1,388,192,0,832,868,1,0.2421
206,Moon_2_1693278841889997824.png,Moon_4_1693297698762424320.png,2,1,681,699,0,640,128,-1,0.2421
207,Moon_7_1693385239584565760.png,Moon_8_1693502151443502080.png,0,1,489,690,0,169,297,-1,0.0524
207,Moon_7_1693385239584565760.png,Moon_8_1693502151443502080.png,1,0,621,347,1,457,288,-1,0.0524
207,Moon_7_1693385239584565760.png,Moon_8_1693502151443502080.png,2,0,196,813,1,630,233,-1,0.0524
208,Moon_3_1693290415903753728.png,Moon_6_1693382864013721856.png,0,1,809,813,0,896,342,0,0.1901
208,Moon_3_1693290415903753728.png,Moon_6_1693382864013721856.png,1,1,498,790,1,864,384,-1,0.1901
208,Moon_3_1693290415903753728.png,Moon_6_1693382864013721856.png,2,1,411,676,0,278,265,-1,0.1901
209,Moon_5_1693360345433967616.png,Moon_7_1693385306320910848.png,0,1,653,822,1,489,589,1,0.3340
209,Moon_5_1693360345433967616.png,Moon_7_1693385306320910848.png,1,1,827,374,0,388,288,1,0.3340
209,Moon_5_1693360345433967616.png,Moon_7_1693385306320910848.png,2,1,182,589,1,164,850,0,0.3340
210,Moon_4_1693297608115564800.png,Moon_7_1693385230717644544.png,0,0,539,909,0,672,470,0,0.4294
210,Moon_4_1693297608115564800.png,Moon_7_1693385230717644544.png,1,0,411,736,0,589,640,0,0.4294
210,Moon_4_1693297608115564800.png,Moon_7_1693385230717644544.png,2,1,909,265,1,658,598,1,0.4294
211,Moon_6_1693382806428667904.png,Moon_9_1692601980598965760.png,0,1,594,278,0,571,525,1,0.2309
211,Moon_6_1693382806428667904.png,Moon_9_1692601980598965760.png,1,0,448,905,0,864,612,0,0.2309
211,Moon_6_1693382806428667904.png,Moon_9_1692601980598965760.png,2,0,201,873,0,914,370,0,0.2309
212,Moon_3_1693290380222241280.png,Moon_6_1693382844106880000.png,0,0,694,621,0,178,411,-1,0.3454
212,Moon_3_1693290380222241280.png,Moon_6_1693382844106880000.png,1,1,717,205,0,187,699,1,0.3454
212,Moon_3_1693290380222241280.png,Moon_6_1693382844106880000.png,2,0,681,813,1,827,612,0,0.3454
213,Moon_2_1693278830861715456.png,Moon_7_1693385328468584704.png,0,1,699,402,0,365,580,1,0.2594
213,Moon_2_1693278830861715456.png,Moon_7_1693385328468584704.png,1,0,873,534,1,132,333,0,0.2594
213,Moon_2_1693278830861715456.png,Moon_7_1693385328468584704.png,2,1,292,388,0,886,379,0,0.2594
214,Moon_4_1693297709835020032.png,Moon_7_1693385383997111296.png,0,0,434,365,1,292,288,-1,0.1097
214,Moon_4_1693297709835020032.png,Moon_7_1693385383997111296.png,1,0,667,397,1,818,256,-1,0.1097
214,Moon_4_1693297709835020032.png,Moon_7_1693385383997111296.png,2,0,909,109,1,448,461,1,0.1097
215,Moon_4_1693297601473655040.png,Moon_7_1693385290678779392.png,0,0,274,630,1,918,384,1,0.2702
215,Moon_4_1693297601473655040.png,Moon_7_1693385290678779392.png,1,1,658,704,1,777,333,0,0.2702
215,Moon_4_1693297601473655040.png,Moon_7_1693385290678779392.png,2,0,772,438,0,155,246,-1,0.2702
216,Moon_2_1693278795585098496.png,Moon_7_1693385350694037760.png,0,1,726,598,0,516,283,-1,0.1507
216,Moon_2_1693278795585098496.png,Moon_7_1693385350694037760.png,1,1,100,717,0,278,292,-1,0.1507
216,Moon_2_1693278795585098496.png,Moon_7_1693385350694037760.png,2,1,324,909,1,301,562,0,0.1507
217,Moon_5_1693360327783244288.png,Moon_9_1692601820815068416.png,0,0,150,310,1,841,822,1,0.2338
217,Moon_5_1693360327783244288.png,Moon_9_1692601820815068416.png,1,1,603,379,0,635,228,-1,0.2338
217,Moon_5_1693360327783244288.png,Moon_9_1692601820815068416.png,2,0,452,845,1,123,649,0,0.2338
218,Moon_3_1693290424741652480.png,Moon_9_1692601887418524416.png,0,1,621,694,1,676,228,-1,0.0408
218,Moon_3_1693290424741652480.png,Moon_9_1692601887418524416.png,1,0,548,667,1,310,251,-1,0.0408
218,Moon_3_1693290424741652480.png,Moon_9_1692601887418524416.png,2,0,736,612,1,882,182,-1,0.0408
219,Moon_5_1693360336608400896.png,Moon_9_1692601898504385536.png,0,0,512,832,0,237,402,-1,0.1630
219,Moon_5_1693360336608400896.png,Moon_9_1692601898504385536.png,1,0,306,877,1,850,219,-1,0.1630
219,Moon_5_1693360336608400896.png,Moon_9_1692601898504385536.png,2,1,809,726,1,461,493,0,0.1630
220,Moon_1_1693274819960479744.png,Moon_4_1693297621382700288.png,0,0,146,397,0,416,246,-1,0.2170
220,Moon_1_1693274819960479744.png,Moon_4_1693297621382700288.png,1,0,594,251,1,150,905,1,0.2170
220,Moon_1_1693274819960479744.png,Moon_4_1693297621382700288.png,2,1,438,813,1,237,461,0,0.2170
221,Moon_1_1693274775681188096.png,Moon_3_1693290400340106496.png,0,1,571,210,1,649,553,1,0.2488
221,Moon_1_1693274775681188096.png,Moon_3_1693290400340106496.png,1,1,918,768,1,539,397,0,0.2488
221,Moon_1_1693274775681188096.png,Moon_3_1693290400340106496.png,2,0,640,461,0,260,205,-1,0.2488
222,Moon_3_1693290351246838272.png,Moon_9_1692601982818888960.png,0,1,758,146,0,182,777,1,0.3481
222,Moon_3_1693290351246838272.png,Moon_9_1692601982818888960.png,1,1,749,704,1,676,342,-1,0.3481
222,Moon_3_1693290351246838272.png,Moon_9_1692601982818888960.png,2,1,539,882,0,708,173,-1,0.3481
223,Moon_2_1693278885954559744.png,Moon_5_1693360363088849920.png,0,0,594,521,0,256,169,-1,0.3618
223,Moon_2_1693278885954559744.png,Moon_5_1693360363088849920.png,1,1,566,365,0,347,283,-1,0.3618
223,Moon_2_1693278885954559744.png,Moon_5_1693360363088849920.png,2,0,320,749,1,603,192,-1,0.3618
224,Moon_3_1693290438125047296.png,Moon_6_1693382768859447808.png,0,1,201,905,1,315,196,-1,0.2218
224,Moon_3_1693290438125047296.png,Moon_6_1693382768859447808.png,1,0,694,836,0,566,713,0,0.2218
224,Moon_3_1693290438125047296.png,Moon_6_1693382768859447808.png,2,1,580,909,0,539,228,-1,0.2218
225,Moon_6_1693382753415157248.png,Moon_8_1693502097999193856.png,0,1,342,777,0,333,448,0,0.0795
225,Moon_6_1693382753415157248.png,Moon_8_1693502097999193856.png,1,1,754,685,0,749,233,-1,0.0795
225,Moon_6_1693382753415157248.png,Moon_8_1693502097999193856.png,2,0,530,740,1,475,315,0,0.0795
226,Moon_3_1693290462657393664.png,Moon_5_1693360206020915712.png,0,1,352,809,0,233,269,-1,0.1258
226,Moon_3_1693290462657393664.png,Moon_5_1693360206020915712.png,1,1,786,845,1,777,260,-1,0.1258
226,Moon_3_1693290462657393664.png,Moon_5_1693360206020915712.png,2,1,896,356,1,310,320,-1,0.1258
227,Moon_4_1693297714251912704.png,Moon_7_1693385252926722048.png,0,1,708,297,0,598,329,-1,0.0550
227,Moon_4_1693297714251912704.png,Moon_7_1693385252926722048.png,1,1,365,553,0,256,306,-1,0.0550
227,Moon_4_1693297714251912704.png,Moon_7_1693385252926722048.png,2,0,896,557,0,150,896,0,0.0550
228,Moon_5_1693360323416634880.png,Moon_8_1693502109150463488.png,0,0,777,685,1,667,667,0,0.1539
228,Moon_5_1693360323416634880.png,Moon_8_1693502109150463488.png,1,1,525,589,1,288,274,-1,0.1539
228,Moon_5_1693360323416634880.png,Moon_8_1693502109150463488.png,2,1,864,406,0,534,708,0,0.1539
229,Moon_4_1693297700979389184.png,Moon_9_1692601958412873216.png,0,0,576,480,0,900,260,-1,0.3599
229,Moon_4_1693297700979389184.png,Moon_9_1692601958412873216.png,1,1,704,827,0,224,466,0,0.3599
229,Moon_4_1693297700979389184.png,Moon_9_1692601958412873216.png,2,1,576,457,1,804,169,-1,0.3599
230,Moon_2_1693278870579027456.png,Moon_8_1693502015726805248.png,0,1,918,210,0,128,347,1,0.0745
230,Moon_2_1693278870579027456.png,Moon_8_1693502015726805248.png,1,1,845,905,1,864,434,0,0.0745
230,Moon_2_1693278870579027456.png,Moon_8_1693502015726805248.png,2,1,429,630,0,260,292,-1,0.0745
231,Moon_2_1693278848557060864.png,Moon_4_1693297676662857728.png,0,1,301,822,1,900,429,-1,0.1410
231,Moon_2_1693278848557060864.png,Moon_4_1693297676662857728.png,1,1,292,228,0,214,352,1,0.1410
231,Moon_2_1693278848557060864.png,Moon_4_1693297676662857728.png,2,0,649,256,0,356,868,1,0.1410
232,Moon_4_1693297694336339456.png,Moon_9_1692601858542045696.png,0,0,548,681,0,228,274,-1,0.1853
232,Moon_4_1693297694336339456.png,Moon_9_1692601858542045696.png,1,1,425,736,0,717,356,0,0.1853
232,Moon_4_1693297694336339456.png,Moon_9_1692601858542045696.png,2,0,466,146,1,141,370,1,0.1853
233,Moon_6_1693382830829267968.png,Moon_8_1693502082456335616.png,0,0,214,891,0,516,260,-1,0.0615
233,Moon_6_1693382830829267968.png,Moon_8_1693502082456335616.png,1,1,429,160,1,219,297,1,0.0615
233,Moon_6_1693382830829267968.png,Moon_8_1693502082456335616.png,2,1,690,118,0,845,205,1,0.0615
234,Moon_4_1693297619166177792.png,Moon_5_1693360369749134080.png,0,1,809,406,1,649,918,0,0.2515
234,Moon_4_1693297619166177792.png,Moon_5_1693360369749134080.png,1,0,594,452,0,146,132,-1,0.2515
234,Moon_4_1693297619166177792.png,Moon_5_1693360369749134080.png,2,0,461,265,1,617,141,-1,0.2515
235,Moon_1_1693274806676514304.png,Moon_7_1693385388412359680.png,0,0,329,827,1,809,301,-1,0.1257
235,Moon_1_1693274806676514304.png,Moon_7_1693385388412359680.png,1,0,699,534,0,548,548,0,0.1257
235,Moon_1_1693274806676514304.png,Moon_7_1693385388412359680.png,2,0,740,402,1,882,813,-1,0.1257
236,Moon_7_1693385268434921216.png,Moon_9_1692601878475134720.png,0,1,484,480,1,731,169,-1,0.1148
236,Moon_7_1693385268434921216.png,Moon_9_1692601878475134720.png,1,0,434,320,1,777,685,1,0.1148
236,Moon_7_1693385268434921216.png,Moon_9_1692601878475134720.png,2,0,484,132,1,877,251,1,0.1148
237,Moon_1_1693274753602604032.png,Moon_5_1693360221571137024.png,0,0,365,827,1,187,219,-1,0.1341
237,Moon_1_1693274753602604032.png,Moon_5_1693360221571137024.png,1,0,324,292,1,909,507,1,0.1341
237,Moon_1_1693274753602604032.png,Moon_5_1693360221571137024.png,2,1,640,470,0,164,365,-1,0.1341
238,Moon_5_1693360234842358272.png,Moon_7_1693385392821488896.png,0,0,745,521,1,717,192,-1,0.1771
238,Moon_5_1693360234842358272.png,Moon_7_1693385392821488896.png,1,0,278,434,1,841,333,0,0.1771
238,Moon_5_1693360234842358272.png,Moon_7_1693385392821488896.png,2,0,722,854,1,425,356,1,0.1771
239,Moon_7_1693385261789568000.png,Moon_9_1692601862971637760.png,0,0,187,416,1,635,329,-1,0.1435
239,Moon_7_1693385261789568000.png,Moon_9_1692601862971637760.png,1,0,109,594,0,635,297,-1,0.1435
239,Moon_7_1693385261789568000.png,Moon_9_1692601862971637760.png,2,1,918,224,1,228,100,-1,0.1435
240,Moon_3_1693290406953599744.png,Moon_6_1693382866224320512.png,0,1,813,498,1,813,338,-1,0.1516
240,Moon_3_1693290406953599744.png,Moon_6_1693382866224320512.png,1,0,708,859,0,196,178,-1,0.1516
240,Moon_3_1693290406953599744.png,Moon_6_1693382866224320512.png,2,0,489,717,0,438,269,-1,0.1516
241,Moon_4_1693297603682054656.png,Moon_4_1693297623582825984.png,0,1,525,457,0,210,489,0,0.3295
241,Moon_4_1693297603682054656.png,Moon_4_1693297623582825984.png,1,1,845,804,0,466,278,-1,0.3295
241,Moon_4_1693297603682054656.png,Moon_4_1693297623582825984.png,2,1,393,699,0,630,109,-1,0.3295
242,Moon_3_1693290433691508992.png,Moon_8_1693502086856470528.png,0,1,310,800,1,306,594,1,0.5337
242,Moon_3_1693290433691508992.png,Moon_8_1693502086856470528.png,1,0,649,749,1,329,397,0,0.5337
242,Moon_3_1693290433691508992.png,Moon_8_1693502086856470528.png,2,0,580,370,0,502,740,0,0.5337
243,Moon_1_1693274764639172096.png,Moon_2_1693278923363014656.png,0,1,192,416,0,269,297,-1,0.0816
243,Moon_1_1693274764639172096.png,Moon_2_1693278923363014656.png,1,0,416,274,1,790,379,1,0.0816
243,Moon_1_1693274764639172096.png,Moon_2_1693278923363014656.png,2,0,233,740,0,694,274,-1,0.0816
244,Moon_1_1693274749102451968.png,Moon_3_1693290389181058816.png,0,1,804,333,0,726,882,0,0.2041
244,Moon_1_1693274749102451968.png,Moon_3_1693290389181058816.png,1,0,736,388,1,672,914,1,0.2041
244,Moon_1_1693274749102451968.png,Moon_3_1693290389181058816.png,2,0,137,320,1,461,704,1,0.2041
245,Moon_3_1693290398014483200.png,Moon_6_1693382841906689280.png,0,1,265,461,0,900,320,-1,0.0894
245,Moon_3_1693290398014483200.png,Moon_6_1693382841906689280.png,1,1,736,109,1,201,297,1,0.0894
245,Moon_3_1693290398014483200.png,Moon_6_1693382841906689280.png,2,0,598,754,0,109,265,-1,0.0894
246,Moon_4_1693297599256921600.png,Moon_5_1693360365389725440.png,0,0,630,416,0,585,278,-1,0.2193
246,Moon_4_1693297599256921600.png,Moon_5_1693360365389725440.png,1,0,352,548,0,690,100,-1,0.2193
246,Moon_4_1693297599256921600.png,Moon_5_1693360365389725440.png,2,1,416,740,0,795,498,0,0.2193
247,Moon_7_1693385357340515328.png,Moon_9_1692601978283158528.png,0,1,525,452,0,384,141,-1,0.4425
247,Moon_7_1693385357340515328.png,Moon_9_1692601978283158528.png,1,0,905,653,1,877,452,1,0.4425
247,Moon_7_1693385357340515328.png,Moon_9_1692601978283158528.png,2,0,740,114,0,749,338,1,0.4425
248,Moon_9_1692601940598100480.png,Moon_9_1692602033721616128.png,0,1,352,800,1,818,576,-1,0.1870
248,Moon_9_1692601940598100480.png,Moon_9_1692602033721616128.png,1,1,457,320,1,502,790,1,0.1870
248,Moon_9_1692601940598100480.png,Moon_9_1692602033721616128.png,2,0,832,338,0,489,544,0,0.1870
249,Moon_1_1693274744735648768.png,Moon_2_1693278822019649536.png,0,1,169,338,1,553,608,1,0.1468
249,Moon_1_1693274744735648768.png,Moon_2_1693278822019649536.png,1,1,466,214,0,850,489,1,0.1468
249,Moon_1_1693274744735648768.png,Moon_2_1693278822019649536.png,2,1,736,854,1,896,288,-1,0.1468
250,Moon_6_1693382799802218752.png,Moon_9_1692601896283822080.png,0,1,178,809,1,891,205,-1,0.1976
250,Moon_6_1693382799802218752.png,Moon_9_1692601896283822080.png,1,1,585,278,1,320,594,1,0.1976
250,Moon_6_1693382799802218752.png,Moon_9_1692601896283822080.png,2,1,155,109,1,539,640,1,0.1976
251,Moon_2_1693278806627414528.png,Moon_4_1693297639066633216.png,0,0,438,672,0,214,909,0,0.2315
251,Moon_2_1693278806627414528.png,Moon_4_1693297639066633216.png,1,1,827,690,0,621,603,1,0.2315
251,Moon_2_1693278806627414528.png,Moon_4_1693297639066633216.png,2,1,457,553,0,320,393,0,0.2315
252,Moon_5_1693360281344107008.png,Moon_7_1693385243993041664.png,0,0,822,315,0,653,489,0,0.2107
252,Moon_5_1693360281344107008.png,Moon_7_1693385243993041664.png,1,0,850,754,1,219,352,0,0.2107
252,Moon_5_1693360281344107008.png,Moon_7_1693385243993041664.png,2,1,443,635,0,470,347,-1,0.2107
253,Moon_7_1693385372924091136.png,Moon_9_1692602018242745088.png,0,1,324,384,1,694,338,1,0.2911
253,Moon_7_1693385372924091136.png,Moon_9_1692602018242745088.png,1,0,576,800,0,338,694,0,0.2911
253,Moon_7_1693385372924091136.png,Moon_9_1692602018242745088.png,2,0,598,118,0,137,356,1,0.2911
254,Moon_1_1693274733685289216.png,Moon_2_1693278883771140096.png,0,0,489,626,1,443,132,-1,0.2143
254,Moon_1_1693274733685289216.png,Moon_2_1693278883771140096.png,1,0,713,118,1,224,461,1,0.2143
254,Moon_1_1693274733685289216.png,Moon_2_1693278883771140096.png,2,1,429,621,0,169,123,-1,0.2143
255,Moon_1_1693274830965236992.png,Moon_8_1693502024552092160.png,0,0,576,576,0,918,370,0,0.4585
255,Moon_1_1693274830965236992.png,Moon_8_1693502024552092160.png,1,1,768,758,1,699,461,0,0.4585
255,Moon_1_1693274830965236992.png,Moon_8_1693502024552092160.png,2,0,740,342,0,745,150,-1,0.4585
256,Moon_5_1693360338892085248.png,Moon_8_1693502064580679168.png,0,0,512,475,0,822,150,-1,0.2460
256,Moon_5_1693360338892085248.png,Moon_8_1693502064580679168.png,1,0,713,274,1,672,630,0,0.2460
256,Moon_5_1693360338892085248.png,Moon_8_1693502064580679168.png,2,1,512,388,0,690,635,1,0.2460
257,Moon_2_1693278881587772672.png,Moon_9_1692601811687322368.png,0,1,274,868,0,562,306,-1,0.1006
257,Moon_2_1693278881587772672.png,Moon_9_1692601811687322368.png,1,0,466,589,0,224,315,0,0.1006
257,Moon_2_1693278881587772672.png,Moon_9_1692601811687322368.png,2,1,425,379,0,397,269,0,0.1006
258,Moon_6_1693382859597524224.png,Moon_9_1692601831882082048.png,0,1,150,658,1,672,379,-1,0.0658
258,Moon_6_1693382859597524224.png,Moon_9_1692601831882082048.png,1,0,873,667,1,320,233,-1,0.0658
258,Moon_6_1693382859597524224.png,Moon_9_1692601831882082048.png,2,0,644,233,1,393,873,1,0.0658
259,Moon_1_1693274795667707904.png,Moon_7_1693385221853620992.png,0,1,457,489,1,402,265,-1,0.0756
259,Moon_1_1693274795667707904.png,Moon_7_1693385221853620992.png,1,1,292,676,0,374,283,-1,0.0756
259,Moon_1_1693274795667707904.png,Moon_7_1693385221853620992.png,2,1,790,694,0,800,283,-1,0.0756
260,Moon_6_1693382804228495616.png,Moon_6_1693382852955625472.png,0,1,461,685,1,635,288,-1,0.2067
260,Moon_6_1693382804228495616.png,Moon_6_1693382852955625472.png,1,0,795,873,1,850,320,0,0.2067
260,Moon_6_1693382804228495616.png,Moon_6_1693382852955625472.png,2,1,475,137,1,818,480,1,0.2067
261,Moon_7_1693385317396740352.png,Moon_7_1693385346270568704.png,0,1,196,329,0,420,813,0,0.1904
261,Moon_7_1693385317396740352.png,Moon_7_1693385346270568704.png,1,1,393,278,1,676,457,1,0.1904
261,Moon_7_1693385317396740352.png,Moon_7_1693385346270568704.png,2,0,795,306,0,608,411,1,0.1904
262,Moon_4_1693297647903395584.png,Moon_6_1693382815371288576.png,0,0,356,800,0,854,109,-1,0.2626
262,Moon_4_1693297647903395584.png,Moon_6_1693382815371288576.png,1,1,553,470,1,301,708,0,0.2626
262,Moon_4_1693297647903395584.png,Moon_6_1693382815371288576.png,2,0,539,379,1,836,864,0,0.2626
263,Moon_7_1693385264006363392.png,Moon_7_1693385344051018752.png,0,1,900,548,1,667,224,-1,0.2895
263,Moon_7_1693385264006363392.png,Moon_7_1693385344051018752.png,1,1,754,589,1,832,260,-1,0.2895
263,Moon_7_1693385264006363392.png,Moon_7_1693385344051018752.png,2,1,105,918,0,397,338,-1,0.2895
264,Moon_2_1693278855103165440.png,Moon_8_1693502133660644352.png,0,1,694,283,0,667,818,1,0.0342
264,Moon_2_1693278855103165440.png,Moon_8_1693502133660644352.png,1,1,182,617,1,320,228,-1,0.0342
264,Moon_2_1693278855103165440.png,Moon_8_1693502133660644352.png,2,0,297,338,1,544,224,-1,0.0342
265,Moon_6_1693382817578289408.png,Moon_9_1692601849690691072.png,0,1,713,342,0,109,900,0,0.0807
265,Moon_6_1693382817578289408.png,Moon_9_1692601849690691072.png,1,0,749,612,1,342,301,-1,0.0807
265,Moon_6_1693382817578289408.png,Moon_9_1692601849690691072.png,2,0,566,864,1,502,315,-1,0.0807
266,Moon_5_1693360312399139328.png,Moon_7_1693385339616873472.png,0,0,374,530,0,914,251,0,0.1265
266,Moon_5_1693360312399139328.png,Moon_7_1693385339616873472.png,1,1,397,882,0,580,905,0,0.1265
266,Moon_5_1693360312399139328.png,Moon_7_1693385339616873472.png,2,0,836,379,1,210,100,-1,0.1265
267,Moon_1_1693274839792088320.png,Moon_6_1693382755617308416.png,0,0,914,457,1,594,297,-1,0.1010
267,Moon_1_1693274839792088320.png,Moon_6_1693382755617308416.png,1,1,854,210,0,736,333,1,0.1010
267,Moon_1_1693274839792088320.png,Moon_6_1693382755617308416.png,2,1,763,457,0,374,352,-1,0.1010
268,Moon_2_1693278910211690496.png,Moon_5_1693360214904316160.png,0,0,160,873,1,173,722,0,0.1179
268,Moon_2_1693278910211690496.png,Moon_5_1693360214904316160.png,1,0,502,804,0,822,242,-1,0.1179
268,Moon_2_1693278910211690496.png,Moon_5_1693360214904316160.png,2,1,470,822,1,114,356,0,0.1179
269,Moon_2_1693278945277158912.png,Moon_7_1693385219636890112.png,0,0,210,722,1,525,278,-1,0.1419
269,Moon_2_1693278945277158912.png,Moon_7_1693385219636890112.png,1,0,777,722,0,297,269,-1,0.1419
269,Moon_2_1693278945277158912.png,Moon_7_1693385219636890112.png,2,1,845,644,0,566,640,0,0.1419
270,Moon_8_1693502140294118912.png,Moon_9_1692602035922785024.png,0,0,498,539,1,809,845,0,0.1245
270,Moon_8_1693502140294118912.png,Moon_9_1692602035922785024.png,1,0,525,836,1,132,589,0,0.1245
270,Moon_8_1693502140294118912.png,Moon_9_1692602035922785024.png,2,1,265,777,0,416,237,-1,0.1245
271,Moon_2_1693278907911758592.png,Moon_6_1693382848527735808.png,0,0,246,608,0,864,228,-1,0.0886
271,Moon_2_1693278907911758592.png,Moon_6_1693382848527735808.png,1,1,516,182,1,832,672,1,0.0886
271,Moon_2_1693278907911758592.png,Moon_6_1693382848527735808.png,2,1,525,589,0,333,274,-1,0.0886
272,Moon_5_1693360212704291840.png,Moon_6_1693382766642659328.png,0,0,781,809,0,461,233,-1,0.2373
272,Moon_5_1693360212704291840.png,Moon_6_1693382766642659328.png,1,0,242,905,1,813,850,0,0.2373
272,Moon_5_1693360212704291840.png,Moon_6_1693382766642659328.png,2,0,886,310,1,681,361,1,0.2373
273,Moon_3_1693290471624355328.png,Moon_9_1692601851911205888.png,0,0,123,406,1,374,228,-1,0.1309
273,Moon_3_1693290471624355328.png,Moon_9_1692601851911205888.png,1,1,658,132,1,736,306,1,0.1309
273,Moon_3_1693290471624355328.png,Moon_9_1692601851911205888.png,2,0,818,818,1,539,704,0,0.1309
274,Moon_1_1693274811134875136.png,Moon_9_1692601829673615616.png,0,0,114,754,0,164,187,-1,0.0654
274,Moon_1_1693274811134875136.png,Moon_9_1692601829673615616.png,1,0,219,598,1,608,374,-1,0.0654
274,Moon_1_1693274811134875136.png,Moon_9_1692601829673615616.png,2,0,827,717,1,484,297,-1,0.0654
275,Moon_3_1693290467190856704.png,Moon_6_1693382748302833920.png,0,1,237,617,0,859,278,-1,0.2100
275,Moon_3_1693290467190856704.png,Moon_6_1693382748302833920.png,1,1,118,713,0,155,100,-1,0.2100
275,Moon_3_1693290467190856704.png,Moon_6_1693382748302833920.png,2,1,708,443,1,516,402,0,0.2100
276,Moon_7_1693385235151037184.png,Moon_8_1693502122509133312.png,0,0,813,740,1,484,187,-1,0.1788
276,Moon_7_1693385235151037184.png,Moon_8_1693502122509133312.png,1,0,192,681,1,772,914,0,0.1788
276,Moon_7_1693385235151037184.png,Moon_8_1693502122509133312.png,2,1,690,301,0,310,795,0,0.1788
277,Moon_2_1693278868387075072.png,Moon_3_1693290469407529728.png,0,0,758,397,0,841,873,0,0.2170
277,Moon_2_1693278868387075072.png,Moon_3_1693290469407529728.png,1,0,594,274,1,123,516,1,0.2170
277,Moon_2_1693278868387075072.png,Moon_3_1693290469407529728.png,2,1,324,694,1,649,310,-1,0.2170
278,Moon_1_1693274735877034240.png,Moon_8_1693502029085579520.png,0,1,566,128,1,374,269,1,0.0907
278,Moon_1_1693274735877034240.png,Moon_8_1693502029085579520.png,1,1,749,150,0,274,233,1,0.0907
278,Moon_1_1693274735877034240.png,Moon_8_1693502029085579520.png,2,1,754,356,1,256,713,-1,0.0907
279,Moon_7_1693385321830378752.png,Moon_9_1692601976072568320.png,0,0,512,182,0,246,882,1,0.1269
279,Moon_7_1693385321830378752.png,Moon_9_1692601976072568320.png,1,1,525,489,0,128,361,1,0.1269
279,Moon_7_1693385321830378752.png,Moon_9_1692601976072568320.png,2,0,685,713,1,132,310,-1,0.1269
280,Moon_6_1693382850752805888.png,Moon_9_1692601891857180672.png,0,1,297,608,0,457,278,-1,0.2042
280,Moon_6_1693382850752805888.png,Moon_9_1692601891857180672.png,1,0,832,246,1,365,164,-1,0.2042
280,Moon_6_1693382850752805888.png,Moon_9_1692601891857180672.png,2,0,288,704,1,667,320,-1,0.2042
281,Moon_5_1693360358725428992.png,Moon_6_1693382793160175872.png,0,1,128,859,1,489,269,-1,0.2903
281,Moon_5_1693360358725428992.png,Moon_6_1693382793160175872.png,1,1,205,182,1,736,754,1,0.2903
281,Moon_5_1693360358725428992.png,Moon_6_1693382793160175872.png,2,1,365,128,1,150,461,1,0.2903
282,Moon_8_1693502075731123456.png,Moon_9_1692601989442651392.png,0,1,333,694,0,612,864,0,0.1563
282,Moon_8_1693502075731123456.png,Moon_9_1692601989442651392.png,1,0,278,320,1,790,370,-1,0.1563
282,Moon_8_1693502075731123456.png,Moon_9_1692601989442651392.png,2,0,580,292,1,434,283,-1,0.1563
283,Moon_2_1693278927704482304.png,Moon_6_1693382828620825856.png,0,1,374,850,0,758,237,-1,0.2598
283,Moon_2_1693278927704482304.png,Moon_6_1693382828620825856.png,1,0,484,836,1,379,320,0,0.2598
283,Moon_2_1693278927704482304.png,Moon_6_1693382828620825856.png,2,1,109,841,0,662,562,0,0.2598
284,Moon_2_1693278947449774336.png,Moon_3_1693290427058020096.png,0,1,425,150,0,818,352,1,0.0922
284,Moon_2_1693278947449774336.png,Moon_3_1693290427058020096.png,1,0,772,836,1,196,644,1,0.0922
284,Moon_2_1693278947449774336.png,Moon_3_1693290427058020096.png,2,0,781,502,1,384,292,-1,0.0922
285,Moon_5_1693360290202836992.png,Moon_9_1692601927333814784.png,0,0,576,790,1,713,813,0,0.3829
285,Moon_5_1693360290202836992.png,Moon_9_1692601927333814784.png,1,1,452,608,1,324,781,0,0.3829
285,Moon_5_1693360290202836992.png,Moon_9_1692601927333814784.png,2,1,580,288,0,493,530,1,0.3829
286,Moon_4_1693297634641505280.png,Moon_8_1693502084656369152.png,0,1,356,544,1,420,251,-1,0.2560
286,Moon_4_1693297634641505280.png,Moon_8_1693502084656369152.png,1,1,836,763,1,859,105,-1,0.2560
286,Moon_4_1693297634641505280.png,Moon_8_1693502084656369152.png,2,0,873,379,1,155,864,0,0.2560
287,Moon_2_1693278921187702784.png,Moon_8_1693502010783979520.png,0,0,512,237,1,242,416,1,0.1696
287,Moon_2_1693278921187702784.png,Moon_8_1693502010783979520.png,1,0,384,356,0,900,374,0,0.1696
287,Moon_2_1693278921187702784.png,Moon_8_1693502010783979520.png,2,1,393,841,0,315,114,-1,0.1696
288,Moon_5_1693360352077390080.png,Moon_8_1693502031277299456.png,0,1,640,841,0,854,228,-1,0.0685
288,Moon_5_1693360352077390080.png,Moon_8_1693502031277299456.png,1,0,347,438,1,237,260,-1,0.0685
288,Moon_5_1693360352077390080.png,Moon_8_1693502031277299456.png,2,0,118,772,0,649,297,-1,0.0685
289,Moon_5_1693360237159131648.png,Moon_5_1693360241559264000.png,0,1,571,201,1,580,886,1,0.1279
289,Moon_5_1693360237159131648.png,Moon_5_1693360241559264000.png,1,0,740,342,1,329,790,1,0.1279
289,Moon_5_1693360237159131648.png,Moon_5_1693360241559264000.png,2,0,507,731,1,274,470,1,0.1279
290,Moon_3_1693290464873957632.png,Moon_6_1693382771068045312.png,0,1,754,685,0,649,246,-1,0.0836
290,Moon_3_1693290464873957632.png,Moon_6_1693382771068045312.png,1,1,557,854,0,896,818,0,0.0836
290,Moon_3_1693290464873957632.png,Moon_6_1693382771068045312.png,2,1,498,384,1,909,795,-1,0.0836
291,Moon_2_1693278819844585984.png,Moon_9_1692602009330091520.png,0,0,854,640,0,480,269,-1,0.2442
291,Moon_2_1693278819844585984.png,Moon_9_1692602009330091520.png,1,1,448,114,1,256,361,1,0.2442
291,Moon_2_1693278819844585984.png,Moon_9_1692602009330091520.png,2,1,589,384,0,329,690,1,0.2442
292,Moon_2_1693278828678300160.png,Moon_9_1692601905152645376.png,0,0,667,297,0,237,681,1,0.0744
292,Moon_2_1693278828678300160.png,Moon_9_1692601905152645376.png,1,0,461,370,1,329,914,-1,0.0744
292,Moon_2_1693278828678300160.png,Moon_9_1692601905152645376.png,2,1,246,192,0,320,918,1,0.0744
293,Moon_3_1693290442650300160.png,Moon_7_1693385250709936128.png,0,0,370,205,0,329,736,1,0.2357
293,Moon_3_1693290442650300160.png,Moon_7_1693385250709936128.png,1,1,201,384,1,301,274,-1,0.2357
293,Moon_3_1693290442650300160.png,Moon_7_1693385250709936128.png,2,0,749,658,1,557,411,0,0.2357
294,Moon_2_1693278934323557888.png,Moon_9_1692602022664544000.png,0,0,754,685,0,246,731,0,0.2923
294,Moon_2_1693278934323557888.png,Moon_9_1692602022664544000.png,1,0,141,845,0,845,804,0,0.2923
294,Moon_2_1693278934323557888.png,Moon_9_1692602022664544000.png,2,0,562,576,1,196,384,0,0.2923
295,Moon_6_1693382821995524352.png,Moon_9_1692601911782816512.png,0,0,329,256,0,918,100,-1,0.3728
295,Moon_6_1693382821995524352.png,Moon_9_1692601911782816512.png,1,0,667,187,1,722,448,1,0.3728
295,Moon_6_1693382821995524352.png,Moon_9_1692601911782816512.png,2,1,420,137,0,914,576,1,0.3728
296,Moon_1_1693274746919232000.png,Moon_2_1693278815361081088.png,0,0,836,342,0,777,868,-1,0.0657
296,Moon_1_1693274746919232000.png,Moon_2_1693278815361081088.png,1,0,576,758,1,649,224,-1,0.0657
296,Moon_1_1693274746919232000.png,Moon_2_1693278815361081088.png,2,0,507,530,1,891,310,-1,0.0657
297,Moon_1_1693274727001804288.png,Moon_8_1693502066889254656.png,0,0,672,292,1,612,722,1,0.1142
297,Moon_1_1693274727001804288.png,Moon_8_1693502066889254656.png,1,0,283,288,1,822,882,1,0.1142
297,Moon_1_1693274727001804288.png,Moon_8_1693502066889254656.png,2,0,594,420,1,804,297,-1,0.1142
298,Moon_1_1693274817668430080.png,Moon_8_1693502131335579648.png,0,0,114,192,0,557,717,1,0.0128
298,Moon_1_1693274817668430080.png,Moon_8_1693502131335579648.png,1,0,507,178,0,246,676,1,0.0128
298,Moon_1_1693274817668430080.png,Moon_8_1693502131335579648.png,2,0,365,178,0,608,918,1,0.0128
299,Moon_2_1693278844073436416.png,Moon_3_1693290420324395776.png,0,1,342,379,1,379,150,-1,0.1451
299,Moon_2_1693278844073436416.png,Moon_3_1693290420324395776.png,1,0,466,914,0,425,338,-1,0.1451
299,Moon_2_1693278844073436416.png,Moon_3_1693290420324395776.png,2,1,685,804,1,228,256,-1,0.1451
300,Moon_5_1693360279160860928.png,Moon_5_1693360316757652480.png,0,0,498,909,1,900,397,-1,0.1096
300,Moon_5_1693360279160860928.png,Moon_5_1693360316757652480.png,1,1,187,873,1,745,260,0,0.1096
300,Moon_5_1693360279160860928.png,Moon_5_1693360316757652480.png,2,0,795,525,0,905,891,0,0.1096
301,Moon_8_1693502044611087872.png,Moon_8_1693502071305931776.png,0,1,736,155,0,749,379,1,0.2397
301,Moon_8_1693502044611087872.png,Moon_8_1693502071305931776.png,1,0,832,256,1,598,388,1,0.2397
301,Moon_8_1693502044611087872.png,Moon_8_1693502071305931776.png,2,0,864,118,0,356,164,0,0.2397
302,Moon_9_1692601816386734848.png,Moon_9_1692601956193856000.png,0,0,137,548,1,626,662,-1,0.1828
302,Moon_9_1692601816386734848.png,Moon_9_1692601956193856000.png,1,1,896,576,1,201,251,-1,0.1828
302,Moon_9_1692601816386734848.png,Moon_9_1692601956193856000.png,2,1,498,809,0,754,178,-1,0.1828
303,Moon_4_1693297614757478400.png,Moon_5_1693360265951907328.png,0,0,795,260,0,301,905,1,0.0398
303,Moon_4_1693297614757478400.png,Moon_5_1693360265951907328.png,1,0,731,845,1,233,274,-1,0.0398
303,Moon_4_1693297614757478400.png,Moon_5_1693360265951907328.png,2,0,516,914,1,539,278,-1,0.0398
304,Moon_9_1692601842942475520.png,Moon_9_1692601996080008960.png,0,0,502,694,0,626,324,-1,0.2673
304,Moon_9_1692601842942475520.png,Moon_9_1692601996080008960.png,1,1,150,365,0,918,694,1,0.2673
304,Moon_9_1692601842942475520.png,Moon_9_1692601996080008960.png,2,0,338,214,0,342,809,1,0.2673
305,Moon_2_1693278802143747072.png,Moon_5_1693360325599831296.png,0,1,466,749,1,507,425,1,0.1997
305,Moon_2_1693278802143747072.png,Moon_5_1693360325599831296.png,1,0,859,685,1,160,854,-1,0.1997
305,Moon_2_1693278802143747072.png,Moon_5_1693360325599831296.png,2,1,269,388,0,676,173,-1,0.1997
306,Moon_5_1693360225946270208.png,Moon_8_1693502144711175680.png,0,0,896,429,1,768,233,-1,0.0419
306,Moon_5_1693360225946270208.png,Moon_8_1693502144711175680.png,1,0,662,320,0,118,233,-1,0.0419
306,Moon_5_1693360225946270208.png,Moon_8_1693502144711175680.png,2,0,338,804,1,141,301,-1,0.0419
307,Moon_1_1693274757969528832.png,Moon_7_1693385299545697280.png,0,0,864,736,0,329,265,-1,0.1281
307,Moon_1_1693274757969528832.png,Moon_7_1693385299545697280.png,1,0,205,118,1,150,269,1,0.1281
307,Moon_1_1693274757969528832.png,Moon_7_1693385299545697280.png,2,1,210,786,0,804,265,-1,0.1281
308,Moon_3_1693290353463577600.png,Moon_8_1693502073514303232.png,0,0,827,882,1,521,251,-1,0.1025
308,Moon_3_1693290353463577600.png,Moon_8_1693502073514303232.png,1,1,288,672,0,548,301,-1,0.1025
308,Moon_3_1693290353463577600.png,Moon_8_1693502073514303232.png,2,1,548,781,1,800,251,-1,0.1025
309,Moon_5_1693360259285035008.png,Moon_7_1693385341837283584.png,0,0,352,896,1,672,320,-1,0.1852
309,Moon_5_1693360259285035008.png,Moon_7_1693385341837283584.png,1,0,749,265,0,662,800,1,0.1852
309,Moon_5_1693360259285035008.png,Moon_7_1693385341837283584.png,2,0,178,603,1,452,301,-1,0.1852
310,Moon_5_1693360288019438080.png,Moon_8_1693502129127172864.png,0,1,274,329,1,233,685,0,0.1305
310,Moon_5_1693360288019438080.png,Moon_8_1693502129127172864.png,1,1,681,694,1,699,342,-1,0.1305
310,Moon_5_1693360288019438080.png,Moon_8_1693502129127172864.png,2,1,516,338,0,864,544,1,0.1305
311,Moon_4_1693297577179717120.png,Moon_9_1692601991657321472.png,0,0,118,502,0,795,333,-1,0.2231
311,Moon_4_1693297577179717120.png,Moon_9_1692601991657321472.png,1,1,384,662,1,274,475,0,0.2231
311,Moon_4_1693297577179717120.png,Moon_9_1692601991657321472.png,2,1,836,699,0,845,635,0,0.2231
312,Moon_1_1693274800018021376.png,Moon_5_1693360257093102336.png,0,0,118,768,1,214,827,0,0.3889
312,Moon_1_1693274800018021376.png,Moon_5_1693360257093102336.png,1,1,594,320,0,498,539,0,0.3889
312,Moon_1_1693274800018021376.png,Moon_5_1693360257093102336.png,2,0,388,832,0,146,352,-1,0.3889
313,Moon_5_1693360318941102336.png,Moon_9_1692601825240136960.png,0,1,544,214,1,507,832,1,0.0492
313,Moon_5_1693360318941102336.png,Moon_9_1692601825240136960.png,1,1,809,365,1,169,836,-1,0.0492
313,Moon_5_1693360318941102336.png,Moon_9_1692601825240136960.png,2,0,777,397,0,356,585,1,0.0492
314,Moon_3_1693290453813336320.png,Moon_5_1693360360905022720.png,0,0,315,580,1,416,562,0,0.2525
314,Moon_3_1693290453813336320.png,Moon_5_1693360360905022720.png,1,1,640,173,1,105,662,1,0.2525
314,Moon_3_1693290453813336320.png,Moon_5_1693360360905022720.png,2,1,653,850,1,557,352,0,0.2525
315,Moon_1_1693274833148556032.png,Moon_8_1693502106933469184.png,0,0,681,155,1,763,416,1,0.1520
315,Moon_1_1693274833148556032.png,Moon_8_1693502106933469184.png,1,0,100,681,0,178,173,-1,0.1520
315,Moon_1_1693274833148556032.png,Moon_8_1693502106933469184.png,2,1,338,283,1,146,292,1,0.1520
316,Moon_1_1693274815493368064.png,Moon_2_1693278901378029312.png,0,0,306,205,0,292,722,1,0.0416
316,Moon_1_1693274815493368064.png,Moon_2_1693278901378029312.png,1,1,562,516,0,608,224,-1,0.0416
316,Moon_1_1693274815493368064.png,Moon_2_1693278901378029312.png,2,0,900,877,0,758,274,-1,0.0416
317,Moon_6_1693382808637054464.png,Moon_9_1692601838515691520.png,0,1,662,356,1,708,141,-1,0.3446
317,Moon_6_1693382808637054464.png,Moon_9_1692601838515691520.png,1,0,173,850,0,292,580,0,0.3446
317,Moon_6_1693382808637054464.png,Moon_9_1692601838515691520.png,2,0,246,379,0,466,315,1,0.3446
318,Moon_5_1693360232633963008.png,Moon_8_1693502142502720512.png,0,1,882,452,0,169,233,-1,0.0570
318,Moon_5_1693360232633963008.png,Moon_8_1693502142502720512.png,1,1,141,676,1,845,269,0,0.0570
318,Moon_5_1693360232633963008.png,Moon_8_1693502142502720512.png,2,1,635,155,1,699,617,1,0.0570
319,Moon_2_1693278925529610752.png,Moon_5_1693360294681815040.png,0,1,781,352,1,850,685,1,0.1291
319,Moon_2_1693278925529610752.png,Moon_5_1693360294681815040.png,1,1,539,800,0,425,292,-1,0.1291
319,Moon_2_1693278925529610752.png,Moon_5_1693360294681815040.png,2,1,530,361,1,324,736,1,0.1291
320,Moon_7_1693385310754897408.png,Moon_8_1693502046819582976.png,0,0,758,283,0,795,786,1,0.2276
320,Moon_7_1693385310754897408.png,Moon_8_1693502046819582976.png,1,1,585,740,0,310,155,-1,0.2276
320,Moon_7_1693385310754897408.png,Moon_8_1693502046819582976.png,2,1,845,822,0,649,429,1,0.2276
321,Moon_3_1693290362421780992.png,Moon_8_1693502124717383424.png,0,1,685,265,1,269,763,1,0.0548
321,Moon_3_1693290362421780992.png,Moon_8_1693502124717383424.png,1,1,329,571,1,169,315,-1,0.0548
321,Moon_3_1693290362421780992.png,Moon_8_1693502124717383424.png,2,0,164,420,1,694,868,0,0.0548
322,Moon_9_1692601827456909312.png,Moon_9_1692601962840529920.png,0,0,425,516,0,251,256,0,0.0478
322,Moon_9_1692601827456909312.png,Moon_9_1692601962840529920.png,1,1,649,557,0,475,246,-1,0.0478
322,Moon_9_1692601827456909312.png,Moon_9_1692601962840529920.png,2,0,690,731,0,726,292,-1,0.0478
